[2026-03-13 14:43:38] production.ERROR: No application encryption key has been specified. {"exception":"[object] (Illuminate\\Encryption\\MissingAppKeyException(code: 0): No application encryption key has been specified. at C:/Users/ASUS/OneDrive/Documents/GitHub/Project/SMA-1-PAMEKASAN/Backend/vendor/laravel/framework/src/Illuminate/Encryption/EncryptionServiceProvider.php:83)
[stacktrace]
#0 C:/Users/ASUS/OneDrive/Documents/GitHub/Project/SMA-1-PAMEKASAN/Backend/vendor/laravel/framework/src/Illuminate/Support/helpers.php(388): Illuminate/Encryption/EncryptionServiceProvider->{closure:Illuminate/Encryption/EncryptionServiceProvider::key():81}(NULL)
#1 C:/Users/ASUS/OneDrive/Documents/GitHub/Project/SMA-1-PAMEKASAN/Backend/vendor/laravel/framework/src/Illuminate/Encryption/EncryptionServiceProvider.php(81): tap(NULL, Object(Closure))
#2 C:/Users/ASUS/OneDrive/Documents/GitHub/Project/SMA-1-PAMEKASAN/Backend/vendor/laravel/framework/src/Illuminate/Encryption/EncryptionServiceProvider.php(64): Illuminate/Encryption/EncryptionServiceProvider->key(Array)
#3 C:/Users/ASUS/OneDrive/Documents/GitHub/Project/SMA-1-PAMEKASAN/Backend/vendor/laravel/framework/src/Illuminate/Encryption/EncryptionServiceProvider.php(32): Illuminate/Encryption/EncryptionServiceProvider->parseKey(Array)
#4 C:/Users/ASUS/OneDrive/Documents/GitHub/Project/SMA-1-PAMEKASAN/Backend/vendor/laravel/framework/src/Illuminate/Container/Container.php(1115): Illuminate/Encryption/EncryptionServiceProvider->{closure:Illuminate/Encryption/EncryptionServiceProvider::registerEncrypter():29}(Object(Illuminate/Foundation/Application), Array)
#5 C:/Users/ASUS/OneDrive/Documents/GitHub/Project/SMA-1-PAMEKASAN/Backend/vendor/laravel/framework/src/Illuminate/Container/Container.php(933): Illuminate/Container/Container->build(Object(Closure))
#6 C:/Users/ASUS/OneDrive/Documents/GitHub/Project/SMA-1-PAMEKASAN/Backend/vendor/laravel/framework/src/Illuminate/Foundation/Application.php(1078): Illuminate/Container/Container->resolve('encrypter', Array, true)
#7 C:/Users/ASUS/OneDrive/Documents/GitHub/Project/SMA-1-PAMEKASAN/Backend/vendor/laravel/framework/src/Illuminate/Container/Container.php(864): Illuminate/Foundation/Application->resolve('encrypter', Array)
#8 C:/Users/ASUS/OneDrive/Documents/GitHub/Project/SMA-1-PAMEKASAN/Backend/vendor/laravel/framework/src/Illuminate/Foundation/Application.php(1058): Illuminate/Container/Container->make('encrypter', Array)
#9 C:/Users/ASUS/OneDrive/Documents/GitHub/Project/SMA-1-PAMEKASAN/Backend/vendor/laravel/framework/src/Illuminate/Container/Container.php(1336): Illuminate/Foundation/Application->make('encrypter')
#10 C:/Users/ASUS/OneDrive/Documents/GitHub/Project/SMA-1-PAMEKASAN/Backend/vendor/laravel/framework/src/Illuminate/Container/Container.php(1237): Illuminate/Container/Container->resolveClass(Object(ReflectionParameter))
#11 C:/Users/ASUS/OneDrive/Documents/GitHub/Project/SMA-1-PAMEKASAN/Backend/vendor/laravel/framework/src/Illuminate/Container/Container.php(1162): Illuminate/Container/Container->resolveDependencies(Array)
#12 C:/Users/ASUS/OneDrive/Documents/GitHub/Project/SMA-1-PAMEKASAN/Backend/vendor/laravel/framework/src/Illuminate/Container/Container.php(933): Illuminate/Container/Container->build('Illuminate//Cook...')
#13 C:/Users/ASUS/OneDrive/Documents/GitHub/Project/SMA-1-PAMEKASAN/Backend/vendor/laravel/framework/src/Illuminate/Foundation/Application.php(1078): Illuminate/Container/Container->resolve('Illuminate//Cook...', Array, true)
#14 C:/Users/ASUS/OneDrive/Documents/GitHub/Project/SMA-1-PAMEKASAN/Backend/vendor/laravel/framework/src/Illuminate/Container/Container.php(864): Illuminate/Foundation/Application->resolve('Illuminate//Cook...', Array)
#15 C:/Users/ASUS/OneDrive/Documents/GitHub/Project/SMA-1-PAMEKASAN/Backend/vendor/laravel/framework/src/Illuminate/Foundation/Application.php(1058): Illuminate/Container/Container->make('Illuminate//Cook...', Array)
#16 C:/Users/ASUS/OneDrive/Documents/GitHub/Project/SMA-1-PAMEKASAN/Backend/vendor/laravel/framework/src/Illuminate/Pipeline/Pipeline.php(208): Illuminate/Foundation/Application->make('Illuminate//Cook...')
#17 C:/Users/ASUS/OneDrive/Documents/GitHub/Project/SMA-1-PAMEKASAN/Backend/vendor/laravel/framework/src/Illuminate/Pipeline/Pipeline.php(137): Illuminate/Pipeline/Pipeline->{closure:{closure:Illuminate/Pipeline/Pipeline::carry():194}:195}(Object(Illuminate/Http/Request))
#18 C:/Users/ASUS/OneDrive/Documents/GitHub/Project/SMA-1-PAMEKASAN/Backend/vendor/laravel/framework/src/Illuminate/Routing/Router.php(821): Illuminate/Pipeline/Pipeline->then(Object(Closure))
#19 C:/Users/ASUS/OneDrive/Documents/GitHub/Project/SMA-1-PAMEKASAN/Backend/vendor/laravel/framework/src/Illuminate/Routing/Router.php(800): Illuminate/Routing/Router->runRouteWithinStack(Object(Illuminate/Routing/Route), Object(Illuminate/Http/Request))
#20 C:/Users/ASUS/OneDrive/Documents/GitHub/Project/SMA-1-PAMEKASAN/Backend/vendor/laravel/framework/src/Illuminate/Routing/Router.php(764): Illuminate/Routing/Router->runRoute(Object(Illuminate/Http/Request), Object(Illuminate/Routing/Route))
#21 C:/Users/ASUS/OneDrive/Documents/GitHub/Project/SMA-1-PAMEKASAN/Backend/vendor/laravel/framework/src/Illuminate/Routing/Router.php(753): Illuminate/Routing/Router->dispatchToRoute(Object(Illuminate/Http/Request))
#22 C:/Users/ASUS/OneDrive/Documents/GitHub/Project/SMA-1-PAMEKASAN/Backend/vendor/laravel/framework/src/Illuminate/Foundation/Http/Kernel.php(200): Illuminate/Routing/Router->dispatch(Object(Illuminate/Http/Request))
#23 C:/Users/ASUS/OneDrive/Documents/GitHub/Project/SMA-1-PAMEKASAN/Backend/vendor/laravel/framework/src/Illuminate/Pipeline/Pipeline.php(180): Illuminate/Foundation/Http/Kernel->{closure:Illuminate/Foundation/Http/Kernel::dispatchToRouter():197}(Object(Illuminate/Http/Request))
#24 C:/Users/ASUS/OneDrive/Documents/GitHub/Project/SMA-1-PAMEKASAN/Backend/vendor/laravel/framework/src/Illuminate/Foundation/Http/Middleware/TransformsRequest.php(21): Illuminate/Pipeline/Pipeline->{closure:Illuminate/Pipeline/Pipeline::prepareDestination():178}(Object(Illuminate/Http/Request))
#25 C:/Users/ASUS/OneDrive/Documents/GitHub/Project/SMA-1-PAMEKASAN/Backend/vendor/laravel/framework/src/Illuminate/Foundation/Http/Middleware/ConvertEmptyStringsToNull.php(31): Illuminate/Foundation/Http/Middleware/TransformsRequest->handle(Object(Illuminate/Http/Request), Object(Closure))
#26 C:/Users/ASUS/OneDrive/Documents/GitHub/Project/SMA-1-PAMEKASAN/Backend/vendor/laravel/framework/src/Illuminate/Pipeline/Pipeline.php(219): Illuminate/Foundation/Http/Middleware/ConvertEmptyStringsToNull->handle(Object(Illuminate/Http/Request), Object(Closure))
#27 C:/Users/ASUS/OneDrive/Documents/GitHub/Project/SMA-1-PAMEKASAN/Backend/vendor/laravel/framework/src/Illuminate/Foundation/Http/Middleware/TransformsRequest.php(21): Illuminate/Pipeline/Pipeline->{closure:{closure:Illuminate/Pipeline/Pipeline::carry():194}:195}(Object(Illuminate/Http/Request))
#28 C:/Users/ASUS/OneDrive/Documents/GitHub/Project/SMA-1-PAMEKASAN/Backend/vendor/laravel/framework/src/Illuminate/Foundation/Http/Middleware/TrimStrings.php(51): Illuminate/Foundation/Http/Middleware/TransformsRequest->handle(Object(Illuminate/Http/Request), Object(Closure))
#29 C:/Users/ASUS/OneDrive/Documents/GitHub/Project/SMA-1-PAMEKASAN/Backend/vendor/laravel/framework/src/Illuminate/Pipeline/Pipeline.php(219): Illuminate/Foundation/Http/Middleware/TrimStrings->handle(Object(Illuminate/Http/Request), Object(Closure))
#30 C:/Users/ASUS/OneDrive/Documents/GitHub/Project/SMA-1-PAMEKASAN/Backend/vendor/laravel/framework/src/Illuminate/Http/Middleware/ValidatePostSize.php(27): Illuminate/Pipeline/Pipeline->{closure:{closure:Illuminate/Pipeline/Pipeline::carry():194}:195}(Object(Illuminate/Http/Request))
#31 C:/Users/ASUS/OneDrive/Documents/GitHub/Project/SMA-1-PAMEKASAN/Backend/vendor/laravel/framework/src/Illuminate/Pipeline/Pipeline.php(219): Illuminate/Http/Middleware/ValidatePostSize->handle(Object(Illuminate/Http/Request), Object(Closure))
#32 C:/Users/ASUS/OneDrive/Documents/GitHub/Project/SMA-1-PAMEKASAN/Backend/vendor/laravel/framework/src/Illuminate/Foundation/Http/Middleware/PreventRequestsDuringMaintenance.php(109): Illuminate/Pipeline/Pipeline->{closure:{closure:Illuminate/Pipeline/Pipeline::carry():194}:195}(Object(Illuminate/Http/Request))
#33 C:/Users/ASUS/OneDrive/Documents/GitHub/Project/SMA-1-PAMEKASAN/Backend/vendor/laravel/framework/src/Illuminate/Pipeline/Pipeline.php(219): Illuminate/Foundation/Http/Middleware/PreventRequestsDuringMaintenance->handle(Object(Illuminate/Http/Request), Object(Closure))
#34 C:/Users/ASUS/OneDrive/Documents/GitHub/Project/SMA-1-PAMEKASAN/Backend/vendor/laravel/framework/src/Illuminate/Http/Middleware/HandleCors.php(61): Illuminate/Pipeline/Pipeline->{closure:{closure:Illuminate/Pipeline/Pipeline::carry():194}:195}(Object(Illuminate/Http/Request))
#35 C:/Users/ASUS/OneDrive/Documents/GitHub/Project/SMA-1-PAMEKASAN/Backend/vendor/laravel/framework/src/Illuminate/Pipeline/Pipeline.php(219): Illuminate/Http/Middleware/HandleCors->handle(Object(Illuminate/Http/Request), Object(Closure))
#36 C:/Users/ASUS/OneDrive/Documents/GitHub/Project/SMA-1-PAMEKASAN/Backend/vendor/laravel/framework/src/Illuminate/Http/Middleware/TrustProxies.php(58): Illuminate/Pipeline/Pipeline->{closure:{closure:Illuminate/Pipeline/Pipeline::carry():194}:195}(Object(Illuminate/Http/Request))
#37 C:/Users/ASUS/OneDrive/Documents/GitHub/Project/SMA-1-PAMEKASAN/Backend/vendor/laravel/framework/src/Illuminate/Pipeline/Pipeline.php(219): Illuminate/Http/Middleware/TrustProxies->handle(Object(Illuminate/Http/Request), Object(Closure))
#38 C:/Users/ASUS/OneDrive/Documents/GitHub/Project/SMA-1-PAMEKASAN/Backend/vendor/laravel/framework/src/Illuminate/Foundation/Http/Middleware/InvokeDeferredCallbacks.php(22): Illuminate/Pipeline/Pipeline->{closure:{closure:Illuminate/Pipeline/Pipeline::carry():194}:195}(Object(Illuminate/Http/Request))
#39 C:/Users/ASUS/OneDrive/Documents/GitHub/Project/SMA-1-PAMEKASAN/Backend/vendor/laravel/framework/src/Illuminate/Pipeline/Pipeline.php(219): Illuminate/Foundation/Http/Middleware/InvokeDeferredCallbacks->handle(Object(Illuminate/Http/Request), Object(Closure))
#40 C:/Users/ASUS/OneDrive/Documents/GitHub/Project/SMA-1-PAMEKASAN/Backend/vendor/laravel/framework/src/Illuminate/Http/Middleware/ValidatePathEncoding.php(26): Illuminate/Pipeline/Pipeline->{closure:{closure:Illuminate/Pipeline/Pipeline::carry():194}:195}(Object(Illuminate/Http/Request))
#41 C:/Users/ASUS/OneDrive/Documents/GitHub/Project/SMA-1-PAMEKASAN/Backend/vendor/laravel/framework/src/Illuminate/Pipeline/Pipeline.php(219): Illuminate/Http/Middleware/ValidatePathEncoding->handle(Object(Illuminate/Http/Request), Object(Closure))
#42 C:/Users/ASUS/OneDrive/Documents/GitHub/Project/SMA-1-PAMEKASAN/Backend/vendor/laravel/framework/src/Illuminate/Pipeline/Pipeline.php(137): Illuminate/Pipeline/Pipeline->{closure:{closure:Illuminate/Pipeline/Pipeline::carry():194}:195}(Object(Illuminate/Http/Request))
#43 C:/Users/ASUS/OneDrive/Documents/GitHub/Project/SMA-1-PAMEKASAN/Backend/vendor/laravel/framework/src/Illuminate/Foundation/Http/Kernel.php(175): Illuminate/Pipeline/Pipeline->then(Object(Closure))
#44 C:/Users/ASUS/OneDrive/Documents/GitHub/Project/SMA-1-PAMEKASAN/Backend/vendor/laravel/framework/src/Illuminate/Foundation/Http/Kernel.php(144): Illuminate/Foundation/Http/Kernel->sendRequestThroughRouter(Object(Illuminate/Http/Request))
#45 C:/Users/ASUS/OneDrive/Documents/GitHub/Project/SMA-1-PAMEKASAN/Backend/vendor/laravel/framework/src/Illuminate/Foundation/Application.php(1220): Illuminate/Foundation/Http/Kernel->handle(Object(Illuminate/Http/Request))
#46 C:/Users/ASUS/OneDrive/Documents/GitHub/Project/SMA-1-PAMEKASAN/Backend/public/index.php(20): Illuminate/Foundation/Application->handleRequest(Object(Illuminate/Http/Request))
#47 C:/Users/ASUS/OneDrive/Documents/GitHub/Project/SMA-1-PAMEKASAN/Backend/vendor/laravel/framework/src/Illuminate/Foundation/resources/server.php(23): require_once('C://Users//ASUS//O...')
#48 {main}
"} 
[2026-03-13 14:43:41] production.ERROR: No application encryption key has been specified. {"exception":"[object] (Illuminate\\Encryption\\MissingAppKeyException(code: 0): No application encryption key has been specified. at C:/Users/ASUS/OneDrive/Documents/GitHub/Project/SMA-1-PAMEKASAN/Backend/vendor/laravel/framework/src/Illuminate/Encryption/EncryptionServiceProvider.php:83)
[stacktrace]
#0 C:/Users/ASUS/OneDrive/Documents/GitHub/Project/SMA-1-PAMEKASAN/Backend/vendor/laravel/framework/src/Illuminate/Support/helpers.php(388): Illuminate/Encryption/EncryptionServiceProvider->{closure:Illuminate/Encryption/EncryptionServiceProvider::key():81}(NULL)
#1 C:/Users/ASUS/OneDrive/Documents/GitHub/Project/SMA-1-PAMEKASAN/Backend/vendor/laravel/framework/src/Illuminate/Encryption/EncryptionServiceProvider.php(81): tap(NULL, Object(Closure))
#2 C:/Users/ASUS/OneDrive/Documents/GitHub/Project/SMA-1-PAMEKASAN/Backend/vendor/laravel/framework/src/Illuminate/Encryption/EncryptionServiceProvider.php(64): Illuminate/Encryption/EncryptionServiceProvider->key(Array)
#3 C:/Users/ASUS/OneDrive/Documents/GitHub/Project/SMA-1-PAMEKASAN/Backend/vendor/laravel/framework/src/Illuminate/Encryption/EncryptionServiceProvider.php(32): Illuminate/Encryption/EncryptionServiceProvider->parseKey(Array)
#4 C:/Users/ASUS/OneDrive/Documents/GitHub/Project/SMA-1-PAMEKASAN/Backend/vendor/laravel/framework/src/Illuminate/Container/Container.php(1115): Illuminate/Encryption/EncryptionServiceProvider->{closure:Illuminate/Encryption/EncryptionServiceProvider::registerEncrypter():29}(Object(Illuminate/Foundation/Application), Array)
#5 C:/Users/ASUS/OneDrive/Documents/GitHub/Project/SMA-1-PAMEKASAN/Backend/vendor/laravel/framework/src/Illuminate/Container/Container.php(933): Illuminate/Container/Container->build(Object(Closure))
#6 C:/Users/ASUS/OneDrive/Documents/GitHub/Project/SMA-1-PAMEKASAN/Backend/vendor/laravel/framework/src/Illuminate/Foundation/Application.php(1078): Illuminate/Container/Container->resolve('encrypter', Array, true)
#7 C:/Users/ASUS/OneDrive/Documents/GitHub/Project/SMA-1-PAMEKASAN/Backend/vendor/laravel/framework/src/Illuminate/Container/Container.php(864): Illuminate/Foundation/Application->resolve('encrypter', Array)
#8 C:/Users/ASUS/OneDrive/Documents/GitHub/Project/SMA-1-PAMEKASAN/Backend/vendor/laravel/framework/src/Illuminate/Foundation/Application.php(1058): Illuminate/Container/Container->make('encrypter', Array)
#9 C:/Users/ASUS/OneDrive/Documents/GitHub/Project/SMA-1-PAMEKASAN/Backend/vendor/laravel/framework/src/Illuminate/Container/Container.php(1336): Illuminate/Foundation/Application->make('encrypter')
#10 C:/Users/ASUS/OneDrive/Documents/GitHub/Project/SMA-1-PAMEKASAN/Backend/vendor/laravel/framework/src/Illuminate/Container/Container.php(1237): Illuminate/Container/Container->resolveClass(Object(ReflectionParameter))
#11 C:/Users/ASUS/OneDrive/Documents/GitHub/Project/SMA-1-PAMEKASAN/Backend/vendor/laravel/framework/src/Illuminate/Container/Container.php(1162): Illuminate/Container/Container->resolveDependencies(Array)
#12 C:/Users/ASUS/OneDrive/Documents/GitHub/Project/SMA-1-PAMEKASAN/Backend/vendor/laravel/framework/src/Illuminate/Container/Container.php(933): Illuminate/Container/Container->build('Illuminate//Cook...')
#13 C:/Users/ASUS/OneDrive/Documents/GitHub/Project/SMA-1-PAMEKASAN/Backend/vendor/laravel/framework/src/Illuminate/Foundation/Application.php(1078): Illuminate/Container/Container->resolve('Illuminate//Cook...', Array, true)
#14 C:/Users/ASUS/OneDrive/Documents/GitHub/Project/SMA-1-PAMEKASAN/Backend/vendor/laravel/framework/src/Illuminate/Container/Container.php(864): Illuminate/Foundation/Application->resolve('Illuminate//Cook...', Array)
#15 C:/Users/ASUS/OneDrive/Documents/GitHub/Project/SMA-1-PAMEKASAN/Backend/vendor/laravel/framework/src/Illuminate/Foundation/Application.php(1058): Illuminate/Container/Container->make('Illuminate//Cook...', Array)
#16 C:/Users/ASUS/OneDrive/Documents/GitHub/Project/SMA-1-PAMEKASAN/Backend/vendor/laravel/framework/src/Illuminate/Foundation/Http/Kernel.php(257): Illuminate/Foundation/Application->make('Illuminate//Cook...')
#17 C:/Users/ASUS/OneDrive/Documents/GitHub/Project/SMA-1-PAMEKASAN/Backend/vendor/laravel/framework/src/Illuminate/Foundation/Http/Kernel.php(215): Illuminate/Foundation/Http/Kernel->terminateMiddleware(Object(Illuminate/Http/Request), Object(Illuminate/Http/Response))
#18 C:/Users/ASUS/OneDrive/Documents/GitHub/Project/SMA-1-PAMEKASAN/Backend/vendor/laravel/framework/src/Illuminate/Foundation/Application.php(1222): Illuminate/Foundation/Http/Kernel->terminate(Object(Illuminate/Http/Request), Object(Illuminate/Http/Response))
#19 C:/Users/ASUS/OneDrive/Documents/GitHub/Project/SMA-1-PAMEKASAN/Backend/public/index.php(20): Illuminate/Foundation/Application->handleRequest(Object(Illuminate/Http/Request))
#20 C:/Users/ASUS/OneDrive/Documents/GitHub/Project/SMA-1-PAMEKASAN/Backend/vendor/laravel/framework/src/Illuminate/Foundation/resources/server.php(23): require_once('C://Users//ASUS//O...')
#21 {main}
"} 
[2026-03-13 14:58:06] production.ERROR: could not find driver (Connection: sqlite, Database: C:\Users\ASUS\OneDrive\Documents\GitHub\Project\SMA-1-PAMEKASAN\Backend\database\database.sqlite, SQL: select exists (select 1 from "main".sqlite_master where name = 'migrations' and type = 'table') as "exists") {"exception":"[object] (Illuminate\\Database\\QueryException(code: 0): could not find driver (Connection: sqlite, Database: C:\\Users\\ASUS\\OneDrive\\Documents\\GitHub\\Project\\SMA-1-PAMEKASAN\\Backend\\database\\database.sqlite, SQL: select exists (select 1 from \"main\".sqlite_master where name = 'migrations' and type = 'table') as \"exists\") at C:/Users/ASUS/OneDrive/Documents/GitHub/Project/SMA-1-PAMEKASAN/Backend/vendor/laravel/framework/src/Illuminate/Database/Connection.php:838)
[stacktrace]
#0 C:/Users/ASUS/OneDrive/Documents/GitHub/Project/SMA-1-PAMEKASAN/Backend/vendor/laravel/framework/src/Illuminate/Database/Connection.php(794): Illuminate/Database/Connection->runQueryCallback('select exists (...', Array, Object(Closure))
#1 C:/Users/ASUS/OneDrive/Documents/GitHub/Project/SMA-1-PAMEKASAN/Backend/vendor/laravel/framework/src/Illuminate/Database/Connection.php(411): Illuminate/Database/Connection->run('select exists (...', Array, Object(Closure))
#2 C:/Users/ASUS/OneDrive/Documents/GitHub/Project/SMA-1-PAMEKASAN/Backend/vendor/laravel/framework/src/Illuminate/Database/Connection.php(357): Illuminate/Database/Connection->select('select exists (...', Array, true)
#3 C:/Users/ASUS/OneDrive/Documents/GitHub/Project/SMA-1-PAMEKASAN/Backend/vendor/laravel/framework/src/Illuminate/Database/Connection.php(374): Illuminate/Database/Connection->selectOne('select exists (...', Array, true)
#4 C:/Users/ASUS/OneDrive/Documents/GitHub/Project/SMA-1-PAMEKASAN/Backend/vendor/laravel/framework/src/Illuminate/Database/Schema/Builder.php(176): Illuminate/Database/Connection->scalar('select exists (...')
#5 C:/Users/ASUS/OneDrive/Documents/GitHub/Project/SMA-1-PAMEKASAN/Backend/vendor/laravel/framework/src/Illuminate/Database/Migrations/DatabaseMigrationRepository.php(185): Illuminate/Database/Schema/Builder->hasTable('migrations')
#6 C:/Users/ASUS/OneDrive/Documents/GitHub/Project/SMA-1-PAMEKASAN/Backend/vendor/laravel/framework/src/Illuminate/Database/Migrations/Migrator.php(758): Illuminate/Database/Migrations/DatabaseMigrationRepository->repositoryExists()
#7 C:/Users/ASUS/OneDrive/Documents/GitHub/Project/SMA-1-PAMEKASAN/Backend/vendor/laravel/framework/src/Illuminate/Database/Console/Migrations/MigrateCommand.php(164): Illuminate/Database/Migrations/Migrator->repositoryExists()
#8 C:/Users/ASUS/OneDrive/Documents/GitHub/Project/SMA-1-PAMEKASAN/Backend/vendor/laravel/framework/src/Illuminate/Support/helpers.php(327): Illuminate/Database/Console/Migrations/MigrateCommand->{closure:Illuminate/Database/Console/Migrations/MigrateCommand::repositoryExists():164}(2)
#9 C:/Users/ASUS/OneDrive/Documents/GitHub/Project/SMA-1-PAMEKASAN/Backend/vendor/laravel/framework/src/Illuminate/Database/Console/Migrations/MigrateCommand.php(164): retry(0, Object(Closure), 0, Object(Closure))
#10 C:/Users/ASUS/OneDrive/Documents/GitHub/Project/SMA-1-PAMEKASAN/Backend/vendor/laravel/framework/src/Illuminate/Database/Console/Migrations/MigrateCommand.php(140): Illuminate/Database/Console/Migrations/MigrateCommand->repositoryExists()
#11 C:/Users/ASUS/OneDrive/Documents/GitHub/Project/SMA-1-PAMEKASAN/Backend/vendor/laravel/framework/src/Illuminate/Database/Console/Migrations/MigrateCommand.php(110): Illuminate/Database/Console/Migrations/MigrateCommand->prepareDatabase()
#12 C:/Users/ASUS/OneDrive/Documents/GitHub/Project/SMA-1-PAMEKASAN/Backend/vendor/laravel/framework/src/Illuminate/Database/Migrations/Migrator.php(671): Illuminate/Database/Console/Migrations/MigrateCommand->{closure:Illuminate/Database/Console/Migrations/MigrateCommand::runMigrations():109}()
#13 C:/Users/ASUS/OneDrive/Documents/GitHub/Project/SMA-1-PAMEKASAN/Backend/vendor/laravel/framework/src/Illuminate/Database/Console/Migrations/MigrateCommand.php(109): Illuminate/Database/Migrations/Migrator->usingConnection(NULL, Object(Closure))
#14 C:/Users/ASUS/OneDrive/Documents/GitHub/Project/SMA-1-PAMEKASAN/Backend/vendor/laravel/framework/src/Illuminate/Database/Console/Migrations/MigrateCommand.php(88): Illuminate/Database/Console/Migrations/MigrateCommand->runMigrations()
#15 C:/Users/ASUS/OneDrive/Documents/GitHub/Project/SMA-1-PAMEKASAN/Backend/vendor/laravel/framework/src/Illuminate/Container/BoundMethod.php(36): Illuminate/Database/Console/Migrations/MigrateCommand->handle()
#16 C:/Users/ASUS/OneDrive/Documents/GitHub/Project/SMA-1-PAMEKASAN/Backend/vendor/laravel/framework/src/Illuminate/Container/Util.php(43): Illuminate/Container/BoundMethod::{closure:Illuminate/Container/BoundMethod::call():35}()
#17 C:/Users/ASUS/OneDrive/Documents/GitHub/Project/SMA-1-PAMEKASAN/Backend/vendor/laravel/framework/src/Illuminate/Container/BoundMethod.php(96): Illuminate/Container/Util::unwrapIfClosure(Object(Closure))
#18 C:/Users/ASUS/OneDrive/Documents/GitHub/Project/SMA-1-PAMEKASAN/Backend/vendor/laravel/framework/src/Illuminate/Container/BoundMethod.php(35): Illuminate/Container/BoundMethod::callBoundMethod(Object(Illuminate/Foundation/Application), Array, Object(Closure))
#19 C:/Users/ASUS/OneDrive/Documents/GitHub/Project/SMA-1-PAMEKASAN/Backend/vendor/laravel/framework/src/Illuminate/Container/Container.php(799): Illuminate/Container/BoundMethod::call(Object(Illuminate/Foundation/Application), Array, Array, NULL)
#20 C:/Users/ASUS/OneDrive/Documents/GitHub/Project/SMA-1-PAMEKASAN/Backend/vendor/laravel/framework/src/Illuminate/Console/Command.php(211): Illuminate/Container/Container->call(Array)
#21 C:/Users/ASUS/OneDrive/Documents/GitHub/Project/SMA-1-PAMEKASAN/Backend/vendor/symfony/console/Command/Command.php(341): Illuminate/Console/Command->execute(Object(Symfony/Component/Console/Input/ArgvInput), Object(Illuminate/Console/OutputStyle))
#22 C:/Users/ASUS/OneDrive/Documents/GitHub/Project/SMA-1-PAMEKASAN/Backend/vendor/laravel/framework/src/Illuminate/Console/Command.php(180): Symfony/Component/Console/Command/Command->run(Object(Symfony/Component/Console/Input/ArgvInput), Object(Illuminate/Console/OutputStyle))
#23 C:/Users/ASUS/OneDrive/Documents/GitHub/Project/SMA-1-PAMEKASAN/Backend/vendor/symfony/console/Application.php(1117): Illuminate/Console/Command->run(Object(Symfony/Component/Console/Input/ArgvInput), Object(Symfony/Component/Console/Output/ConsoleOutput))
#24 C:/Users/ASUS/OneDrive/Documents/GitHub/Project/SMA-1-PAMEKASAN/Backend/vendor/symfony/console/Application.php(356): Symfony/Component/Console/Application->doRunCommand(Object(Illuminate/Database/Console/Migrations/MigrateCommand), Object(Symfony/Component/Console/Input/ArgvInput), Object(Symfony/Component/Console/Output/ConsoleOutput))
#25 C:/Users/ASUS/OneDrive/Documents/GitHub/Project/SMA-1-PAMEKASAN/Backend/vendor/symfony/console/Application.php(195): Symfony/Component/Console/Application->doRun(Object(Symfony/Component/Console/Input/ArgvInput), Object(Symfony/Component/Console/Output/ConsoleOutput))
#26 C:/Users/ASUS/OneDrive/Documents/GitHub/Project/SMA-1-PAMEKASAN/Backend/vendor/laravel/framework/src/Illuminate/Foundation/Console/Kernel.php(198): Symfony/Component/Console/Application->run(Object(Symfony/Component/Console/Input/ArgvInput), Object(Symfony/Component/Console/Output/ConsoleOutput))
#27 C:/Users/ASUS/OneDrive/Documents/GitHub/Project/SMA-1-PAMEKASAN/Backend/vendor/laravel/framework/src/Illuminate/Foundation/Application.php(1235): Illuminate/Foundation/Console/Kernel->handle(Object(Symfony/Component/Console/Input/ArgvInput), Object(Symfony/Component/Console/Output/ConsoleOutput))
#28 C:/Users/ASUS/OneDrive/Documents/GitHub/Project/SMA-1-PAMEKASAN/Backend/artisan(16): Illuminate/Foundation/Application->handleCommand(Object(Symfony/Component/Console/Input/ArgvInput))
#29 {main}

[previous exception] [object] (PDOException(code: 0): could not find driver at C:/Users/ASUS/OneDrive/Documents/GitHub/Project/SMA-1-PAMEKASAN/Backend/vendor/laravel/framework/src/Illuminate/Database/Connectors/Connector.php:67)
[stacktrace]
#0 C:/Users/ASUS/OneDrive/Documents/GitHub/Project/SMA-1-PAMEKASAN/Backend/vendor/laravel/framework/src/Illuminate/Database/Connectors/Connector.php(67): PDO::connect('sqlite:C://Users...', NULL, Object(SensitiveParameterValue), Array)
#1 C:/Users/ASUS/OneDrive/Documents/GitHub/Project/SMA-1-PAMEKASAN/Backend/vendor/laravel/framework/src/Illuminate/Database/Connectors/Connector.php(44): Illuminate/Database/Connectors/Connector->createPdoConnection('sqlite:C://Users...', NULL, Object(SensitiveParameterValue), Array)
#2 C:/Users/ASUS/OneDrive/Documents/GitHub/Project/SMA-1-PAMEKASAN/Backend/vendor/laravel/framework/src/Illuminate/Database/Connectors/SQLiteConnector.php(21): Illuminate/Database/Connectors/Connector->createConnection('sqlite:C://Users...', Array, Array)
#3 C:/Users/ASUS/OneDrive/Documents/GitHub/Project/SMA-1-PAMEKASAN/Backend/vendor/laravel/framework/src/Illuminate/Database/Connectors/ConnectionFactory.php(225): Illuminate/Database/Connectors/SQLiteConnector->connect(Array)
#4 [internal function]: Illuminate/Database/Connectors/ConnectionFactory->{closure:Illuminate/Database/Connectors/ConnectionFactory::createPdoResolverWithoutHosts():225}()
#5 C:/Users/ASUS/OneDrive/Documents/GitHub/Project/SMA-1-PAMEKASAN/Backend/vendor/laravel/framework/src/Illuminate/Database/Connection.php(1257): call_user_func(Object(Closure))
#6 C:/Users/ASUS/OneDrive/Documents/GitHub/Project/SMA-1-PAMEKASAN/Backend/vendor/laravel/framework/src/Illuminate/Database/Connection.php(1295): Illuminate/Database/Connection->getPdo()
#7 C:/Users/ASUS/OneDrive/Documents/GitHub/Project/SMA-1-PAMEKASAN/Backend/vendor/laravel/framework/src/Illuminate/Database/Connection.php(525): Illuminate/Database/Connection->getReadPdo()
#8 C:/Users/ASUS/OneDrive/Documents/GitHub/Project/SMA-1-PAMEKASAN/Backend/vendor/laravel/framework/src/Illuminate/Database/Connection.php(420): Illuminate/Database/Connection->getPdoForSelect(true)
#9 C:/Users/ASUS/OneDrive/Documents/GitHub/Project/SMA-1-PAMEKASAN/Backend/vendor/laravel/framework/src/Illuminate/Database/Connection.php(827): Illuminate/Database/Connection->{closure:Illuminate/Database/Connection::select():411}('select exists (...', Array)
#10 C:/Users/ASUS/OneDrive/Documents/GitHub/Project/SMA-1-PAMEKASAN/Backend/vendor/laravel/framework/src/Illuminate/Database/Connection.php(794): Illuminate/Database/Connection->runQueryCallback('select exists (...', Array, Object(Closure))
#11 C:/Users/ASUS/OneDrive/Documents/GitHub/Project/SMA-1-PAMEKASAN/Backend/vendor/laravel/framework/src/Illuminate/Database/Connection.php(411): Illuminate/Database/Connection->run('select exists (...', Array, Object(Closure))
#12 C:/Users/ASUS/OneDrive/Documents/GitHub/Project/SMA-1-PAMEKASAN/Backend/vendor/laravel/framework/src/Illuminate/Database/Connection.php(357): Illuminate/Database/Connection->select('select exists (...', Array, true)
#13 C:/Users/ASUS/OneDrive/Documents/GitHub/Project/SMA-1-PAMEKASAN/Backend/vendor/laravel/framework/src/Illuminate/Database/Connection.php(374): Illuminate/Database/Connection->selectOne('select exists (...', Array, true)
#14 C:/Users/ASUS/OneDrive/Documents/GitHub/Project/SMA-1-PAMEKASAN/Backend/vendor/laravel/framework/src/Illuminate/Database/Schema/Builder.php(176): Illuminate/Database/Connection->scalar('select exists (...')
#15 C:/Users/ASUS/OneDrive/Documents/GitHub/Project/SMA-1-PAMEKASAN/Backend/vendor/laravel/framework/src/Illuminate/Database/Migrations/DatabaseMigrationRepository.php(185): Illuminate/Database/Schema/Builder->hasTable('migrations')
#16 C:/Users/ASUS/OneDrive/Documents/GitHub/Project/SMA-1-PAMEKASAN/Backend/vendor/laravel/framework/src/Illuminate/Database/Migrations/Migrator.php(758): Illuminate/Database/Migrations/DatabaseMigrationRepository->repositoryExists()
#17 C:/Users/ASUS/OneDrive/Documents/GitHub/Project/SMA-1-PAMEKASAN/Backend/vendor/laravel/framework/src/Illuminate/Database/Console/Migrations/MigrateCommand.php(164): Illuminate/Database/Migrations/Migrator->repositoryExists()
#18 C:/Users/ASUS/OneDrive/Documents/GitHub/Project/SMA-1-PAMEKASAN/Backend/vendor/laravel/framework/src/Illuminate/Support/helpers.php(327): Illuminate/Database/Console/Migrations/MigrateCommand->{closure:Illuminate/Database/Console/Migrations/MigrateCommand::repositoryExists():164}(2)
#19 C:/Users/ASUS/OneDrive/Documents/GitHub/Project/SMA-1-PAMEKASAN/Backend/vendor/laravel/framework/src/Illuminate/Database/Console/Migrations/MigrateCommand.php(164): retry(0, Object(Closure), 0, Object(Closure))
#20 C:/Users/ASUS/OneDrive/Documents/GitHub/Project/SMA-1-PAMEKASAN/Backend/vendor/laravel/framework/src/Illuminate/Database/Console/Migrations/MigrateCommand.php(140): Illuminate/Database/Console/Migrations/MigrateCommand->repositoryExists()
#21 C:/Users/ASUS/OneDrive/Documents/GitHub/Project/SMA-1-PAMEKASAN/Backend/vendor/laravel/framework/src/Illuminate/Database/Console/Migrations/MigrateCommand.php(110): Illuminate/Database/Console/Migrations/MigrateCommand->prepareDatabase()
#22 C:/Users/ASUS/OneDrive/Documents/GitHub/Project/SMA-1-PAMEKASAN/Backend/vendor/laravel/framework/src/Illuminate/Database/Migrations/Migrator.php(671): Illuminate/Database/Console/Migrations/MigrateCommand->{closure:Illuminate/Database/Console/Migrations/MigrateCommand::runMigrations():109}()
#23 C:/Users/ASUS/OneDrive/Documents/GitHub/Project/SMA-1-PAMEKASAN/Backend/vendor/laravel/framework/src/Illuminate/Database/Console/Migrations/MigrateCommand.php(109): Illuminate/Database/Migrations/Migrator->usingConnection(NULL, Object(Closure))
#24 C:/Users/ASUS/OneDrive/Documents/GitHub/Project/SMA-1-PAMEKASAN/Backend/vendor/laravel/framework/src/Illuminate/Database/Console/Migrations/MigrateCommand.php(88): Illuminate/Database/Console/Migrations/MigrateCommand->runMigrations()
#25 C:/Users/ASUS/OneDrive/Documents/GitHub/Project/SMA-1-PAMEKASAN/Backend/vendor/laravel/framework/src/Illuminate/Container/BoundMethod.php(36): Illuminate/Database/Console/Migrations/MigrateCommand->handle()
#26 C:/Users/ASUS/OneDrive/Documents/GitHub/Project/SMA-1-PAMEKASAN/Backend/vendor/laravel/framework/src/Illuminate/Container/Util.php(43): Illuminate/Container/BoundMethod::{closure:Illuminate/Container/BoundMethod::call():35}()
#27 C:/Users/ASUS/OneDrive/Documents/GitHub/Project/SMA-1-PAMEKASAN/Backend/vendor/laravel/framework/src/Illuminate/Container/BoundMethod.php(96): Illuminate/Container/Util::unwrapIfClosure(Object(Closure))
#28 C:/Users/ASUS/OneDrive/Documents/GitHub/Project/SMA-1-PAMEKASAN/Backend/vendor/laravel/framework/src/Illuminate/Container/BoundMethod.php(35): Illuminate/Container/BoundMethod::callBoundMethod(Object(Illuminate/Foundation/Application), Array, Object(Closure))
#29 C:/Users/ASUS/OneDrive/Documents/GitHub/Project/SMA-1-PAMEKASAN/Backend/vendor/laravel/framework/src/Illuminate/Container/Container.php(799): Illuminate/Container/BoundMethod::call(Object(Illuminate/Foundation/Application), Array, Array, NULL)
#30 C:/Users/ASUS/OneDrive/Documents/GitHub/Project/SMA-1-PAMEKASAN/Backend/vendor/laravel/framework/src/Illuminate/Console/Command.php(211): Illuminate/Container/Container->call(Array)
#31 C:/Users/ASUS/OneDrive/Documents/GitHub/Project/SMA-1-PAMEKASAN/Backend/vendor/symfony/console/Command/Command.php(341): Illuminate/Console/Command->execute(Object(Symfony/Component/Console/Input/ArgvInput), Object(Illuminate/Console/OutputStyle))
#32 C:/Users/ASUS/OneDrive/Documents/GitHub/Project/SMA-1-PAMEKASAN/Backend/vendor/laravel/framework/src/Illuminate/Console/Command.php(180): Symfony/Component/Console/Command/Command->run(Object(Symfony/Component/Console/Input/ArgvInput), Object(Illuminate/Console/OutputStyle))
#33 C:/Users/ASUS/OneDrive/Documents/GitHub/Project/SMA-1-PAMEKASAN/Backend/vendor/symfony/console/Application.php(1117): Illuminate/Console/Command->run(Object(Symfony/Component/Console/Input/ArgvInput), Object(Symfony/Component/Console/Output/ConsoleOutput))
#34 C:/Users/ASUS/OneDrive/Documents/GitHub/Project/SMA-1-PAMEKASAN/Backend/vendor/symfony/console/Application.php(356): Symfony/Component/Console/Application->doRunCommand(Object(Illuminate/Database/Console/Migrations/MigrateCommand), Object(Symfony/Component/Console/Input/ArgvInput), Object(Symfony/Component/Console/Output/ConsoleOutput))
#35 C:/Users/ASUS/OneDrive/Documents/GitHub/Project/SMA-1-PAMEKASAN/Backend/vendor/symfony/console/Application.php(195): Symfony/Component/Console/Application->doRun(Object(Symfony/Component/Console/Input/ArgvInput), Object(Symfony/Component/Console/Output/ConsoleOutput))
#36 C:/Users/ASUS/OneDrive/Documents/GitHub/Project/SMA-1-PAMEKASAN/Backend/vendor/laravel/framework/src/Illuminate/Foundation/Console/Kernel.php(198): Symfony/Component/Console/Application->run(Object(Symfony/Component/Console/Input/ArgvInput), Object(Symfony/Component/Console/Output/ConsoleOutput))
#37 C:/Users/ASUS/OneDrive/Documents/GitHub/Project/SMA-1-PAMEKASAN/Backend/vendor/laravel/framework/src/Illuminate/Foundation/Application.php(1235): Illuminate/Foundation/Console/Kernel->handle(Object(Symfony/Component/Console/Input/ArgvInput), Object(Symfony/Component/Console/Output/ConsoleOutput))
#38 C:/Users/ASUS/OneDrive/Documents/GitHub/Project/SMA-1-PAMEKASAN/Backend/artisan(16): Illuminate/Foundation/Application->handleCommand(Object(Symfony/Component/Console/Input/ArgvInput))
#39 {main}
"} 
[2026-03-13 14:59:05] production.ERROR: could not find driver (Connection: sqlite, Database: C:\Users\ASUS\OneDrive\Documents\GitHub\Project\SMA-1-PAMEKASAN\Backend\database\database.sqlite, SQL: select exists (select 1 from "main".sqlite_master where name = 'migrations' and type = 'table') as "exists") {"exception":"[object] (Illuminate\\Database\\QueryException(code: 0): could not find driver (Connection: sqlite, Database: C:\\Users\\ASUS\\OneDrive\\Documents\\GitHub\\Project\\SMA-1-PAMEKASAN\\Backend\\database\\database.sqlite, SQL: select exists (select 1 from \"main\".sqlite_master where name = 'migrations' and type = 'table') as \"exists\") at C:/Users/ASUS/OneDrive/Documents/GitHub/Project/SMA-1-PAMEKASAN/Backend/vendor/laravel/framework/src/Illuminate/Database/Connection.php:838)
[stacktrace]
#0 C:/Users/ASUS/OneDrive/Documents/GitHub/Project/SMA-1-PAMEKASAN/Backend/vendor/laravel/framework/src/Illuminate/Database/Connection.php(794): Illuminate/Database/Connection->runQueryCallback('select exists (...', Array, Object(Closure))
#1 C:/Users/ASUS/OneDrive/Documents/GitHub/Project/SMA-1-PAMEKASAN/Backend/vendor/laravel/framework/src/Illuminate/Database/Connection.php(411): Illuminate/Database/Connection->run('select exists (...', Array, Object(Closure))
#2 C:/Users/ASUS/OneDrive/Documents/GitHub/Project/SMA-1-PAMEKASAN/Backend/vendor/laravel/framework/src/Illuminate/Database/Connection.php(357): Illuminate/Database/Connection->select('select exists (...', Array, true)
#3 C:/Users/ASUS/OneDrive/Documents/GitHub/Project/SMA-1-PAMEKASAN/Backend/vendor/laravel/framework/src/Illuminate/Database/Connection.php(374): Illuminate/Database/Connection->selectOne('select exists (...', Array, true)
#4 C:/Users/ASUS/OneDrive/Documents/GitHub/Project/SMA-1-PAMEKASAN/Backend/vendor/laravel/framework/src/Illuminate/Database/Schema/Builder.php(176): Illuminate/Database/Connection->scalar('select exists (...')
#5 C:/Users/ASUS/OneDrive/Documents/GitHub/Project/SMA-1-PAMEKASAN/Backend/vendor/laravel/framework/src/Illuminate/Database/Migrations/DatabaseMigrationRepository.php(185): Illuminate/Database/Schema/Builder->hasTable('migrations')
#6 C:/Users/ASUS/OneDrive/Documents/GitHub/Project/SMA-1-PAMEKASAN/Backend/vendor/laravel/framework/src/Illuminate/Database/Migrations/Migrator.php(758): Illuminate/Database/Migrations/DatabaseMigrationRepository->repositoryExists()
#7 C:/Users/ASUS/OneDrive/Documents/GitHub/Project/SMA-1-PAMEKASAN/Backend/vendor/laravel/framework/src/Illuminate/Database/Console/Migrations/MigrateCommand.php(164): Illuminate/Database/Migrations/Migrator->repositoryExists()
#8 C:/Users/ASUS/OneDrive/Documents/GitHub/Project/SMA-1-PAMEKASAN/Backend/vendor/laravel/framework/src/Illuminate/Support/helpers.php(327): Illuminate/Database/Console/Migrations/MigrateCommand->{closure:Illuminate/Database/Console/Migrations/MigrateCommand::repositoryExists():164}(1)
#9 C:/Users/ASUS/OneDrive/Documents/GitHub/Project/SMA-1-PAMEKASAN/Backend/vendor/laravel/framework/src/Illuminate/Database/Console/Migrations/MigrateCommand.php(164): retry(1, Object(Closure), 0, Object(Closure))
#10 C:/Users/ASUS/OneDrive/Documents/GitHub/Project/SMA-1-PAMEKASAN/Backend/vendor/laravel/framework/src/Illuminate/Database/Console/Migrations/MigrateCommand.php(140): Illuminate/Database/Console/Migrations/MigrateCommand->repositoryExists()
#11 C:/Users/ASUS/OneDrive/Documents/GitHub/Project/SMA-1-PAMEKASAN/Backend/vendor/laravel/framework/src/Illuminate/Database/Console/Migrations/MigrateCommand.php(110): Illuminate/Database/Console/Migrations/MigrateCommand->prepareDatabase()
#12 C:/Users/ASUS/OneDrive/Documents/GitHub/Project/SMA-1-PAMEKASAN/Backend/vendor/laravel/framework/src/Illuminate/Database/Migrations/Migrator.php(671): Illuminate/Database/Console/Migrations/MigrateCommand->{closure:Illuminate/Database/Console/Migrations/MigrateCommand::runMigrations():109}()
#13 C:/Users/ASUS/OneDrive/Documents/GitHub/Project/SMA-1-PAMEKASAN/Backend/vendor/laravel/framework/src/Illuminate/Database/Console/Migrations/MigrateCommand.php(109): Illuminate/Database/Migrations/Migrator->usingConnection(NULL, Object(Closure))
#14 C:/Users/ASUS/OneDrive/Documents/GitHub/Project/SMA-1-PAMEKASAN/Backend/vendor/laravel/framework/src/Illuminate/Database/Console/Migrations/MigrateCommand.php(88): Illuminate/Database/Console/Migrations/MigrateCommand->runMigrations()
#15 C:/Users/ASUS/OneDrive/Documents/GitHub/Project/SMA-1-PAMEKASAN/Backend/vendor/laravel/framework/src/Illuminate/Container/BoundMethod.php(36): Illuminate/Database/Console/Migrations/MigrateCommand->handle()
#16 C:/Users/ASUS/OneDrive/Documents/GitHub/Project/SMA-1-PAMEKASAN/Backend/vendor/laravel/framework/src/Illuminate/Container/Util.php(43): Illuminate/Container/BoundMethod::{closure:Illuminate/Container/BoundMethod::call():35}()
#17 C:/Users/ASUS/OneDrive/Documents/GitHub/Project/SMA-1-PAMEKASAN/Backend/vendor/laravel/framework/src/Illuminate/Container/BoundMethod.php(96): Illuminate/Container/Util::unwrapIfClosure(Object(Closure))
#18 C:/Users/ASUS/OneDrive/Documents/GitHub/Project/SMA-1-PAMEKASAN/Backend/vendor/laravel/framework/src/Illuminate/Container/BoundMethod.php(35): Illuminate/Container/BoundMethod::callBoundMethod(Object(Illuminate/Foundation/Application), Array, Object(Closure))
#19 C:/Users/ASUS/OneDrive/Documents/GitHub/Project/SMA-1-PAMEKASAN/Backend/vendor/laravel/framework/src/Illuminate/Container/Container.php(799): Illuminate/Container/BoundMethod::call(Object(Illuminate/Foundation/Application), Array, Array, NULL)
#20 C:/Users/ASUS/OneDrive/Documents/GitHub/Project/SMA-1-PAMEKASAN/Backend/vendor/laravel/framework/src/Illuminate/Console/Command.php(211): Illuminate/Container/Container->call(Array)
#21 C:/Users/ASUS/OneDrive/Documents/GitHub/Project/SMA-1-PAMEKASAN/Backend/vendor/symfony/console/Command/Command.php(341): Illuminate/Console/Command->execute(Object(Symfony/Component/Console/Input/ArgvInput), Object(Illuminate/Console/OutputStyle))
#22 C:/Users/ASUS/OneDrive/Documents/GitHub/Project/SMA-1-PAMEKASAN/Backend/vendor/laravel/framework/src/Illuminate/Console/Command.php(180): Symfony/Component/Console/Command/Command->run(Object(Symfony/Component/Console/Input/ArgvInput), Object(Illuminate/Console/OutputStyle))
#23 C:/Users/ASUS/OneDrive/Documents/GitHub/Project/SMA-1-PAMEKASAN/Backend/vendor/symfony/console/Application.php(1117): Illuminate/Console/Command->run(Object(Symfony/Component/Console/Input/ArgvInput), Object(Symfony/Component/Console/Output/ConsoleOutput))
#24 C:/Users/ASUS/OneDrive/Documents/GitHub/Project/SMA-1-PAMEKASAN/Backend/vendor/symfony/console/Application.php(356): Symfony/Component/Console/Application->doRunCommand(Object(Illuminate/Database/Console/Migrations/MigrateCommand), Object(Symfony/Component/Console/Input/ArgvInput), Object(Symfony/Component/Console/Output/ConsoleOutput))
#25 C:/Users/ASUS/OneDrive/Documents/GitHub/Project/SMA-1-PAMEKASAN/Backend/vendor/symfony/console/Application.php(195): Symfony/Component/Console/Application->doRun(Object(Symfony/Component/Console/Input/ArgvInput), Object(Symfony/Component/Console/Output/ConsoleOutput))
#26 C:/Users/ASUS/OneDrive/Documents/GitHub/Project/SMA-1-PAMEKASAN/Backend/vendor/laravel/framework/src/Illuminate/Foundation/Console/Kernel.php(198): Symfony/Component/Console/Application->run(Object(Symfony/Component/Console/Input/ArgvInput), Object(Symfony/Component/Console/Output/ConsoleOutput))
#27 C:/Users/ASUS/OneDrive/Documents/GitHub/Project/SMA-1-PAMEKASAN/Backend/vendor/laravel/framework/src/Illuminate/Foundation/Application.php(1235): Illuminate/Foundation/Console/Kernel->handle(Object(Symfony/Component/Console/Input/ArgvInput), Object(Symfony/Component/Console/Output/ConsoleOutput))
#28 C:/Users/ASUS/OneDrive/Documents/GitHub/Project/SMA-1-PAMEKASAN/Backend/artisan(16): Illuminate/Foundation/Application->handleCommand(Object(Symfony/Component/Console/Input/ArgvInput))
#29 {main}

[previous exception] [object] (PDOException(code: 0): could not find driver at C:/Users/ASUS/OneDrive/Documents/GitHub/Project/SMA-1-PAMEKASAN/Backend/vendor/laravel/framework/src/Illuminate/Database/Connectors/Connector.php:67)
[stacktrace]
#0 C:/Users/ASUS/OneDrive/Documents/GitHub/Project/SMA-1-PAMEKASAN/Backend/vendor/laravel/framework/src/Illuminate/Database/Connectors/Connector.php(67): PDO::connect('sqlite:C://Users...', NULL, Object(SensitiveParameterValue), Array)
#1 C:/Users/ASUS/OneDrive/Documents/GitHub/Project/SMA-1-PAMEKASAN/Backend/vendor/laravel/framework/src/Illuminate/Database/Connectors/Connector.php(44): Illuminate/Database/Connectors/Connector->createPdoConnection('sqlite:C://Users...', NULL, Object(SensitiveParameterValue), Array)
#2 C:/Users/ASUS/OneDrive/Documents/GitHub/Project/SMA-1-PAMEKASAN/Backend/vendor/laravel/framework/src/Illuminate/Database/Connectors/SQLiteConnector.php(21): Illuminate/Database/Connectors/Connector->createConnection('sqlite:C://Users...', Array, Array)
#3 C:/Users/ASUS/OneDrive/Documents/GitHub/Project/SMA-1-PAMEKASAN/Backend/vendor/laravel/framework/src/Illuminate/Database/Connectors/ConnectionFactory.php(225): Illuminate/Database/Connectors/SQLiteConnector->connect(Array)
#4 [internal function]: Illuminate/Database/Connectors/ConnectionFactory->{closure:Illuminate/Database/Connectors/ConnectionFactory::createPdoResolverWithoutHosts():225}()
#5 C:/Users/ASUS/OneDrive/Documents/GitHub/Project/SMA-1-PAMEKASAN/Backend/vendor/laravel/framework/src/Illuminate/Database/Connection.php(1257): call_user_func(Object(Closure))
#6 C:/Users/ASUS/OneDrive/Documents/GitHub/Project/SMA-1-PAMEKASAN/Backend/vendor/laravel/framework/src/Illuminate/Database/Connection.php(1295): Illuminate/Database/Connection->getPdo()
#7 C:/Users/ASUS/OneDrive/Documents/GitHub/Project/SMA-1-PAMEKASAN/Backend/vendor/laravel/framework/src/Illuminate/Database/Connection.php(525): Illuminate/Database/Connection->getReadPdo()
#8 C:/Users/ASUS/OneDrive/Documents/GitHub/Project/SMA-1-PAMEKASAN/Backend/vendor/laravel/framework/src/Illuminate/Database/Connection.php(420): Illuminate/Database/Connection->getPdoForSelect(true)
#9 C:/Users/ASUS/OneDrive/Documents/GitHub/Project/SMA-1-PAMEKASAN/Backend/vendor/laravel/framework/src/Illuminate/Database/Connection.php(827): Illuminate/Database/Connection->{closure:Illuminate/Database/Connection::select():411}('select exists (...', Array)
#10 C:/Users/ASUS/OneDrive/Documents/GitHub/Project/SMA-1-PAMEKASAN/Backend/vendor/laravel/framework/src/Illuminate/Database/Connection.php(794): Illuminate/Database/Connection->runQueryCallback('select exists (...', Array, Object(Closure))
#11 C:/Users/ASUS/OneDrive/Documents/GitHub/Project/SMA-1-PAMEKASAN/Backend/vendor/laravel/framework/src/Illuminate/Database/Connection.php(411): Illuminate/Database/Connection->run('select exists (...', Array, Object(Closure))
#12 C:/Users/ASUS/OneDrive/Documents/GitHub/Project/SMA-1-PAMEKASAN/Backend/vendor/laravel/framework/src/Illuminate/Database/Connection.php(357): Illuminate/Database/Connection->select('select exists (...', Array, true)
#13 C:/Users/ASUS/OneDrive/Documents/GitHub/Project/SMA-1-PAMEKASAN/Backend/vendor/laravel/framework/src/Illuminate/Database/Connection.php(374): Illuminate/Database/Connection->selectOne('select exists (...', Array, true)
#14 C:/Users/ASUS/OneDrive/Documents/GitHub/Project/SMA-1-PAMEKASAN/Backend/vendor/laravel/framework/src/Illuminate/Database/Schema/Builder.php(176): Illuminate/Database/Connection->scalar('select exists (...')
#15 C:/Users/ASUS/OneDrive/Documents/GitHub/Project/SMA-1-PAMEKASAN/Backend/vendor/laravel/framework/src/Illuminate/Database/Migrations/DatabaseMigrationRepository.php(185): Illuminate/Database/Schema/Builder->hasTable('migrations')
#16 C:/Users/ASUS/OneDrive/Documents/GitHub/Project/SMA-1-PAMEKASAN/Backend/vendor/laravel/framework/src/Illuminate/Database/Migrations/Migrator.php(758): Illuminate/Database/Migrations/DatabaseMigrationRepository->repositoryExists()
#17 C:/Users/ASUS/OneDrive/Documents/GitHub/Project/SMA-1-PAMEKASAN/Backend/vendor/laravel/framework/src/Illuminate/Database/Console/Migrations/MigrateCommand.php(164): Illuminate/Database/Migrations/Migrator->repositoryExists()
#18 C:/Users/ASUS/OneDrive/Documents/GitHub/Project/SMA-1-PAMEKASAN/Backend/vendor/laravel/framework/src/Illuminate/Support/helpers.php(327): Illuminate/Database/Console/Migrations/MigrateCommand->{closure:Illuminate/Database/Console/Migrations/MigrateCommand::repositoryExists():164}(1)
#19 C:/Users/ASUS/OneDrive/Documents/GitHub/Project/SMA-1-PAMEKASAN/Backend/vendor/laravel/framework/src/Illuminate/Database/Console/Migrations/MigrateCommand.php(164): retry(1, Object(Closure), 0, Object(Closure))
#20 C:/Users/ASUS/OneDrive/Documents/GitHub/Project/SMA-1-PAMEKASAN/Backend/vendor/laravel/framework/src/Illuminate/Database/Console/Migrations/MigrateCommand.php(140): Illuminate/Database/Console/Migrations/MigrateCommand->repositoryExists()
#21 C:/Users/ASUS/OneDrive/Documents/GitHub/Project/SMA-1-PAMEKASAN/Backend/vendor/laravel/framework/src/Illuminate/Database/Console/Migrations/MigrateCommand.php(110): Illuminate/Database/Console/Migrations/MigrateCommand->prepareDatabase()
#22 C:/Users/ASUS/OneDrive/Documents/GitHub/Project/SMA-1-PAMEKASAN/Backend/vendor/laravel/framework/src/Illuminate/Database/Migrations/Migrator.php(671): Illuminate/Database/Console/Migrations/MigrateCommand->{closure:Illuminate/Database/Console/Migrations/MigrateCommand::runMigrations():109}()
#23 C:/Users/ASUS/OneDrive/Documents/GitHub/Project/SMA-1-PAMEKASAN/Backend/vendor/laravel/framework/src/Illuminate/Database/Console/Migrations/MigrateCommand.php(109): Illuminate/Database/Migrations/Migrator->usingConnection(NULL, Object(Closure))
#24 C:/Users/ASUS/OneDrive/Documents/GitHub/Project/SMA-1-PAMEKASAN/Backend/vendor/laravel/framework/src/Illuminate/Database/Console/Migrations/MigrateCommand.php(88): Illuminate/Database/Console/Migrations/MigrateCommand->runMigrations()
#25 C:/Users/ASUS/OneDrive/Documents/GitHub/Project/SMA-1-PAMEKASAN/Backend/vendor/laravel/framework/src/Illuminate/Container/BoundMethod.php(36): Illuminate/Database/Console/Migrations/MigrateCommand->handle()
#26 C:/Users/ASUS/OneDrive/Documents/GitHub/Project/SMA-1-PAMEKASAN/Backend/vendor/laravel/framework/src/Illuminate/Container/Util.php(43): Illuminate/Container/BoundMethod::{closure:Illuminate/Container/BoundMethod::call():35}()
#27 C:/Users/ASUS/OneDrive/Documents/GitHub/Project/SMA-1-PAMEKASAN/Backend/vendor/laravel/framework/src/Illuminate/Container/BoundMethod.php(96): Illuminate/Container/Util::unwrapIfClosure(Object(Closure))
#28 C:/Users/ASUS/OneDrive/Documents/GitHub/Project/SMA-1-PAMEKASAN/Backend/vendor/laravel/framework/src/Illuminate/Container/BoundMethod.php(35): Illuminate/Container/BoundMethod::callBoundMethod(Object(Illuminate/Foundation/Application), Array, Object(Closure))
#29 C:/Users/ASUS/OneDrive/Documents/GitHub/Project/SMA-1-PAMEKASAN/Backend/vendor/laravel/framework/src/Illuminate/Container/Container.php(799): Illuminate/Container/BoundMethod::call(Object(Illuminate/Foundation/Application), Array, Array, NULL)
#30 C:/Users/ASUS/OneDrive/Documents/GitHub/Project/SMA-1-PAMEKASAN/Backend/vendor/laravel/framework/src/Illuminate/Console/Command.php(211): Illuminate/Container/Container->call(Array)
#31 C:/Users/ASUS/OneDrive/Documents/GitHub/Project/SMA-1-PAMEKASAN/Backend/vendor/symfony/console/Command/Command.php(341): Illuminate/Console/Command->execute(Object(Symfony/Component/Console/Input/ArgvInput), Object(Illuminate/Console/OutputStyle))
#32 C:/Users/ASUS/OneDrive/Documents/GitHub/Project/SMA-1-PAMEKASAN/Backend/vendor/laravel/framework/src/Illuminate/Console/Command.php(180): Symfony/Component/Console/Command/Command->run(Object(Symfony/Component/Console/Input/ArgvInput), Object(Illuminate/Console/OutputStyle))
#33 C:/Users/ASUS/OneDrive/Documents/GitHub/Project/SMA-1-PAMEKASAN/Backend/vendor/symfony/console/Application.php(1117): Illuminate/Console/Command->run(Object(Symfony/Component/Console/Input/ArgvInput), Object(Symfony/Component/Console/Output/ConsoleOutput))
#34 C:/Users/ASUS/OneDrive/Documents/GitHub/Project/SMA-1-PAMEKASAN/Backend/vendor/symfony/console/Application.php(356): Symfony/Component/Console/Application->doRunCommand(Object(Illuminate/Database/Console/Migrations/MigrateCommand), Object(Symfony/Component/Console/Input/ArgvInput), Object(Symfony/Component/Console/Output/ConsoleOutput))
#35 C:/Users/ASUS/OneDrive/Documents/GitHub/Project/SMA-1-PAMEKASAN/Backend/vendor/symfony/console/Application.php(195): Symfony/Component/Console/Application->doRun(Object(Symfony/Component/Console/Input/ArgvInput), Object(Symfony/Component/Console/Output/ConsoleOutput))
#36 C:/Users/ASUS/OneDrive/Documents/GitHub/Project/SMA-1-PAMEKASAN/Backend/vendor/laravel/framework/src/Illuminate/Foundation/Console/Kernel.php(198): Symfony/Component/Console/Application->run(Object(Symfony/Component/Console/Input/ArgvInput), Object(Symfony/Component/Console/Output/ConsoleOutput))
#37 C:/Users/ASUS/OneDrive/Documents/GitHub/Project/SMA-1-PAMEKASAN/Backend/vendor/laravel/framework/src/Illuminate/Foundation/Application.php(1235): Illuminate/Foundation/Console/Kernel->handle(Object(Symfony/Component/Console/Input/ArgvInput), Object(Symfony/Component/Console/Output/ConsoleOutput))
#38 C:/Users/ASUS/OneDrive/Documents/GitHub/Project/SMA-1-PAMEKASAN/Backend/artisan(16): Illuminate/Foundation/Application->handleCommand(Object(Symfony/Component/Console/Input/ArgvInput))
#39 {main}
"} 
[2026-03-13 16:22:26] local.ERROR: could not find driver (Connection: sqlite, Database: laravel, SQL: select exists (select 1 from "main".sqlite_master where name = 'migrations' and type = 'table') as "exists") {"exception":"[object] (Illuminate\\Database\\QueryException(code: 0): could not find driver (Connection: sqlite, Database: laravel, SQL: select exists (select 1 from \"main\".sqlite_master where name = 'migrations' and type = 'table') as \"exists\") at C:/Users/ASUS/OneDrive/Documents/GitHub/Project/SMA-1-PAMEKASAN/Backend/vendor/laravel/framework/src/Illuminate/Database/Connection.php:838)
[stacktrace]
#0 C:/Users/ASUS/OneDrive/Documents/GitHub/Project/SMA-1-PAMEKASAN/Backend/vendor/laravel/framework/src/Illuminate/Database/Connection.php(794): Illuminate/Database/Connection->runQueryCallback('select exists (...', Array, Object(Closure))
#1 C:/Users/ASUS/OneDrive/Documents/GitHub/Project/SMA-1-PAMEKASAN/Backend/vendor/laravel/framework/src/Illuminate/Database/Connection.php(411): Illuminate/Database/Connection->run('select exists (...', Array, Object(Closure))
#2 C:/Users/ASUS/OneDrive/Documents/GitHub/Project/SMA-1-PAMEKASAN/Backend/vendor/laravel/framework/src/Illuminate/Database/Connection.php(357): Illuminate/Database/Connection->select('select exists (...', Array, true)
#3 C:/Users/ASUS/OneDrive/Documents/GitHub/Project/SMA-1-PAMEKASAN/Backend/vendor/laravel/framework/src/Illuminate/Database/Connection.php(374): Illuminate/Database/Connection->selectOne('select exists (...', Array, true)
#4 C:/Users/ASUS/OneDrive/Documents/GitHub/Project/SMA-1-PAMEKASAN/Backend/vendor/laravel/framework/src/Illuminate/Database/Schema/Builder.php(176): Illuminate/Database/Connection->scalar('select exists (...')
#5 C:/Users/ASUS/OneDrive/Documents/GitHub/Project/SMA-1-PAMEKASAN/Backend/vendor/laravel/framework/src/Illuminate/Database/Migrations/DatabaseMigrationRepository.php(185): Illuminate/Database/Schema/Builder->hasTable('migrations')
#6 C:/Users/ASUS/OneDrive/Documents/GitHub/Project/SMA-1-PAMEKASAN/Backend/vendor/laravel/framework/src/Illuminate/Database/Migrations/Migrator.php(758): Illuminate/Database/Migrations/DatabaseMigrationRepository->repositoryExists()
#7 C:/Users/ASUS/OneDrive/Documents/GitHub/Project/SMA-1-PAMEKASAN/Backend/vendor/laravel/framework/src/Illuminate/Database/Console/Migrations/MigrateCommand.php(164): Illuminate/Database/Migrations/Migrator->repositoryExists()
#8 C:/Users/ASUS/OneDrive/Documents/GitHub/Project/SMA-1-PAMEKASAN/Backend/vendor/laravel/framework/src/Illuminate/Support/helpers.php(327): Illuminate/Database/Console/Migrations/MigrateCommand->{closure:Illuminate/Database/Console/Migrations/MigrateCommand::repositoryExists():164}(2)
#9 C:/Users/ASUS/OneDrive/Documents/GitHub/Project/SMA-1-PAMEKASAN/Backend/vendor/laravel/framework/src/Illuminate/Database/Console/Migrations/MigrateCommand.php(164): retry(0, Object(Closure), 0, Object(Closure))
#10 C:/Users/ASUS/OneDrive/Documents/GitHub/Project/SMA-1-PAMEKASAN/Backend/vendor/laravel/framework/src/Illuminate/Database/Console/Migrations/MigrateCommand.php(140): Illuminate/Database/Console/Migrations/MigrateCommand->repositoryExists()
#11 C:/Users/ASUS/OneDrive/Documents/GitHub/Project/SMA-1-PAMEKASAN/Backend/vendor/laravel/framework/src/Illuminate/Database/Console/Migrations/MigrateCommand.php(110): Illuminate/Database/Console/Migrations/MigrateCommand->prepareDatabase()
#12 C:/Users/ASUS/OneDrive/Documents/GitHub/Project/SMA-1-PAMEKASAN/Backend/vendor/laravel/framework/src/Illuminate/Database/Migrations/Migrator.php(671): Illuminate/Database/Console/Migrations/MigrateCommand->{closure:Illuminate/Database/Console/Migrations/MigrateCommand::runMigrations():109}()
#13 C:/Users/ASUS/OneDrive/Documents/GitHub/Project/SMA-1-PAMEKASAN/Backend/vendor/laravel/framework/src/Illuminate/Database/Console/Migrations/MigrateCommand.php(109): Illuminate/Database/Migrations/Migrator->usingConnection(NULL, Object(Closure))
#14 C:/Users/ASUS/OneDrive/Documents/GitHub/Project/SMA-1-PAMEKASAN/Backend/vendor/laravel/framework/src/Illuminate/Database/Console/Migrations/MigrateCommand.php(88): Illuminate/Database/Console/Migrations/MigrateCommand->runMigrations()
#15 C:/Users/ASUS/OneDrive/Documents/GitHub/Project/SMA-1-PAMEKASAN/Backend/vendor/laravel/framework/src/Illuminate/Container/BoundMethod.php(36): Illuminate/Database/Console/Migrations/MigrateCommand->handle()
#16 C:/Users/ASUS/OneDrive/Documents/GitHub/Project/SMA-1-PAMEKASAN/Backend/vendor/laravel/framework/src/Illuminate/Container/Util.php(43): Illuminate/Container/BoundMethod::{closure:Illuminate/Container/BoundMethod::call():35}()
#17 C:/Users/ASUS/OneDrive/Documents/GitHub/Project/SMA-1-PAMEKASAN/Backend/vendor/laravel/framework/src/Illuminate/Container/BoundMethod.php(96): Illuminate/Container/Util::unwrapIfClosure(Object(Closure))
#18 C:/Users/ASUS/OneDrive/Documents/GitHub/Project/SMA-1-PAMEKASAN/Backend/vendor/laravel/framework/src/Illuminate/Container/BoundMethod.php(35): Illuminate/Container/BoundMethod::callBoundMethod(Object(Illuminate/Foundation/Application), Array, Object(Closure))
#19 C:/Users/ASUS/OneDrive/Documents/GitHub/Project/SMA-1-PAMEKASAN/Backend/vendor/laravel/framework/src/Illuminate/Container/Container.php(799): Illuminate/Container/BoundMethod::call(Object(Illuminate/Foundation/Application), Array, Array, NULL)
#20 C:/Users/ASUS/OneDrive/Documents/GitHub/Project/SMA-1-PAMEKASAN/Backend/vendor/laravel/framework/src/Illuminate/Console/Command.php(211): Illuminate/Container/Container->call(Array)
#21 C:/Users/ASUS/OneDrive/Documents/GitHub/Project/SMA-1-PAMEKASAN/Backend/vendor/symfony/console/Command/Command.php(341): Illuminate/Console/Command->execute(Object(Symfony/Component/Console/Input/ArgvInput), Object(Illuminate/Console/OutputStyle))
#22 C:/Users/ASUS/OneDrive/Documents/GitHub/Project/SMA-1-PAMEKASAN/Backend/vendor/laravel/framework/src/Illuminate/Console/Command.php(180): Symfony/Component/Console/Command/Command->run(Object(Symfony/Component/Console/Input/ArgvInput), Object(Illuminate/Console/OutputStyle))
#23 C:/Users/ASUS/OneDrive/Documents/GitHub/Project/SMA-1-PAMEKASAN/Backend/vendor/symfony/console/Application.php(1117): Illuminate/Console/Command->run(Object(Symfony/Component/Console/Input/ArgvInput), Object(Symfony/Component/Console/Output/ConsoleOutput))
#24 C:/Users/ASUS/OneDrive/Documents/GitHub/Project/SMA-1-PAMEKASAN/Backend/vendor/symfony/console/Application.php(356): Symfony/Component/Console/Application->doRunCommand(Object(Illuminate/Database/Console/Migrations/MigrateCommand), Object(Symfony/Component/Console/Input/ArgvInput), Object(Symfony/Component/Console/Output/ConsoleOutput))
#25 C:/Users/ASUS/OneDrive/Documents/GitHub/Project/SMA-1-PAMEKASAN/Backend/vendor/symfony/console/Application.php(195): Symfony/Component/Console/Application->doRun(Object(Symfony/Component/Console/Input/ArgvInput), Object(Symfony/Component/Console/Output/ConsoleOutput))
#26 C:/Users/ASUS/OneDrive/Documents/GitHub/Project/SMA-1-PAMEKASAN/Backend/vendor/laravel/framework/src/Illuminate/Foundation/Console/Kernel.php(198): Symfony/Component/Console/Application->run(Object(Symfony/Component/Console/Input/ArgvInput), Object(Symfony/Component/Console/Output/ConsoleOutput))
#27 C:/Users/ASUS/OneDrive/Documents/GitHub/Project/SMA-1-PAMEKASAN/Backend/vendor/laravel/framework/src/Illuminate/Foundation/Application.php(1235): Illuminate/Foundation/Console/Kernel->handle(Object(Symfony/Component/Console/Input/ArgvInput), Object(Symfony/Component/Console/Output/ConsoleOutput))
#28 C:/Users/ASUS/OneDrive/Documents/GitHub/Project/SMA-1-PAMEKASAN/Backend/artisan(16): Illuminate/Foundation/Application->handleCommand(Object(Symfony/Component/Console/Input/ArgvInput))
#29 {main}

[previous exception] [object] (PDOException(code: 0): could not find driver at C:/Users/ASUS/OneDrive/Documents/GitHub/Project/SMA-1-PAMEKASAN/Backend/vendor/laravel/framework/src/Illuminate/Database/Connectors/Connector.php:67)
[stacktrace]
#0 C:/Users/ASUS/OneDrive/Documents/GitHub/Project/SMA-1-PAMEKASAN/Backend/vendor/laravel/framework/src/Illuminate/Database/Connectors/Connector.php(67): PDO::connect('sqlite:C://Users...', NULL, Object(SensitiveParameterValue), Array)
#1 C:/Users/ASUS/OneDrive/Documents/GitHub/Project/SMA-1-PAMEKASAN/Backend/vendor/laravel/framework/src/Illuminate/Database/Connectors/Connector.php(44): Illuminate/Database/Connectors/Connector->createPdoConnection('sqlite:C://Users...', NULL, Object(SensitiveParameterValue), Array)
#2 C:/Users/ASUS/OneDrive/Documents/GitHub/Project/SMA-1-PAMEKASAN/Backend/vendor/laravel/framework/src/Illuminate/Database/Connectors/SQLiteConnector.php(21): Illuminate/Database/Connectors/Connector->createConnection('sqlite:C://Users...', Array, Array)
#3 C:/Users/ASUS/OneDrive/Documents/GitHub/Project/SMA-1-PAMEKASAN/Backend/vendor/laravel/framework/src/Illuminate/Database/Connectors/ConnectionFactory.php(225): Illuminate/Database/Connectors/SQLiteConnector->connect(Array)
#4 [internal function]: Illuminate/Database/Connectors/ConnectionFactory->{closure:Illuminate/Database/Connectors/ConnectionFactory::createPdoResolverWithoutHosts():225}()
#5 C:/Users/ASUS/OneDrive/Documents/GitHub/Project/SMA-1-PAMEKASAN/Backend/vendor/laravel/framework/src/Illuminate/Database/Connection.php(1257): call_user_func(Object(Closure))
#6 C:/Users/ASUS/OneDrive/Documents/GitHub/Project/SMA-1-PAMEKASAN/Backend/vendor/laravel/framework/src/Illuminate/Database/Connection.php(1295): Illuminate/Database/Connection->getPdo()
#7 C:/Users/ASUS/OneDrive/Documents/GitHub/Project/SMA-1-PAMEKASAN/Backend/vendor/laravel/framework/src/Illuminate/Database/Connection.php(525): Illuminate/Database/Connection->getReadPdo()
#8 C:/Users/ASUS/OneDrive/Documents/GitHub/Project/SMA-1-PAMEKASAN/Backend/vendor/laravel/framework/src/Illuminate/Database/Connection.php(420): Illuminate/Database/Connection->getPdoForSelect(true)
#9 C:/Users/ASUS/OneDrive/Documents/GitHub/Project/SMA-1-PAMEKASAN/Backend/vendor/laravel/framework/src/Illuminate/Database/Connection.php(827): Illuminate/Database/Connection->{closure:Illuminate/Database/Connection::select():411}('select exists (...', Array)
#10 C:/Users/ASUS/OneDrive/Documents/GitHub/Project/SMA-1-PAMEKASAN/Backend/vendor/laravel/framework/src/Illuminate/Database/Connection.php(794): Illuminate/Database/Connection->runQueryCallback('select exists (...', Array, Object(Closure))
#11 C:/Users/ASUS/OneDrive/Documents/GitHub/Project/SMA-1-PAMEKASAN/Backend/vendor/laravel/framework/src/Illuminate/Database/Connection.php(411): Illuminate/Database/Connection->run('select exists (...', Array, Object(Closure))
#12 C:/Users/ASUS/OneDrive/Documents/GitHub/Project/SMA-1-PAMEKASAN/Backend/vendor/laravel/framework/src/Illuminate/Database/Connection.php(357): Illuminate/Database/Connection->select('select exists (...', Array, true)
#13 C:/Users/ASUS/OneDrive/Documents/GitHub/Project/SMA-1-PAMEKASAN/Backend/vendor/laravel/framework/src/Illuminate/Database/Connection.php(374): Illuminate/Database/Connection->selectOne('select exists (...', Array, true)
#14 C:/Users/ASUS/OneDrive/Documents/GitHub/Project/SMA-1-PAMEKASAN/Backend/vendor/laravel/framework/src/Illuminate/Database/Schema/Builder.php(176): Illuminate/Database/Connection->scalar('select exists (...')
#15 C:/Users/ASUS/OneDrive/Documents/GitHub/Project/SMA-1-PAMEKASAN/Backend/vendor/laravel/framework/src/Illuminate/Database/Migrations/DatabaseMigrationRepository.php(185): Illuminate/Database/Schema/Builder->hasTable('migrations')
#16 C:/Users/ASUS/OneDrive/Documents/GitHub/Project/SMA-1-PAMEKASAN/Backend/vendor/laravel/framework/src/Illuminate/Database/Migrations/Migrator.php(758): Illuminate/Database/Migrations/DatabaseMigrationRepository->repositoryExists()
#17 C:/Users/ASUS/OneDrive/Documents/GitHub/Project/SMA-1-PAMEKASAN/Backend/vendor/laravel/framework/src/Illuminate/Database/Console/Migrations/MigrateCommand.php(164): Illuminate/Database/Migrations/Migrator->repositoryExists()
#18 C:/Users/ASUS/OneDrive/Documents/GitHub/Project/SMA-1-PAMEKASAN/Backend/vendor/laravel/framework/src/Illuminate/Support/helpers.php(327): Illuminate/Database/Console/Migrations/MigrateCommand->{closure:Illuminate/Database/Console/Migrations/MigrateCommand::repositoryExists():164}(2)
#19 C:/Users/ASUS/OneDrive/Documents/GitHub/Project/SMA-1-PAMEKASAN/Backend/vendor/laravel/framework/src/Illuminate/Database/Console/Migrations/MigrateCommand.php(164): retry(0, Object(Closure), 0, Object(Closure))
#20 C:/Users/ASUS/OneDrive/Documents/GitHub/Project/SMA-1-PAMEKASAN/Backend/vendor/laravel/framework/src/Illuminate/Database/Console/Migrations/MigrateCommand.php(140): Illuminate/Database/Console/Migrations/MigrateCommand->repositoryExists()
#21 C:/Users/ASUS/OneDrive/Documents/GitHub/Project/SMA-1-PAMEKASAN/Backend/vendor/laravel/framework/src/Illuminate/Database/Console/Migrations/MigrateCommand.php(110): Illuminate/Database/Console/Migrations/MigrateCommand->prepareDatabase()
#22 C:/Users/ASUS/OneDrive/Documents/GitHub/Project/SMA-1-PAMEKASAN/Backend/vendor/laravel/framework/src/Illuminate/Database/Migrations/Migrator.php(671): Illuminate/Database/Console/Migrations/MigrateCommand->{closure:Illuminate/Database/Console/Migrations/MigrateCommand::runMigrations():109}()
#23 C:/Users/ASUS/OneDrive/Documents/GitHub/Project/SMA-1-PAMEKASAN/Backend/vendor/laravel/framework/src/Illuminate/Database/Console/Migrations/MigrateCommand.php(109): Illuminate/Database/Migrations/Migrator->usingConnection(NULL, Object(Closure))
#24 C:/Users/ASUS/OneDrive/Documents/GitHub/Project/SMA-1-PAMEKASAN/Backend/vendor/laravel/framework/src/Illuminate/Database/Console/Migrations/MigrateCommand.php(88): Illuminate/Database/Console/Migrations/MigrateCommand->runMigrations()
#25 C:/Users/ASUS/OneDrive/Documents/GitHub/Project/SMA-1-PAMEKASAN/Backend/vendor/laravel/framework/src/Illuminate/Container/BoundMethod.php(36): Illuminate/Database/Console/Migrations/MigrateCommand->handle()
#26 C:/Users/ASUS/OneDrive/Documents/GitHub/Project/SMA-1-PAMEKASAN/Backend/vendor/laravel/framework/src/Illuminate/Container/Util.php(43): Illuminate/Container/BoundMethod::{closure:Illuminate/Container/BoundMethod::call():35}()
#27 C:/Users/ASUS/OneDrive/Documents/GitHub/Project/SMA-1-PAMEKASAN/Backend/vendor/laravel/framework/src/Illuminate/Container/BoundMethod.php(96): Illuminate/Container/Util::unwrapIfClosure(Object(Closure))
#28 C:/Users/ASUS/OneDrive/Documents/GitHub/Project/SMA-1-PAMEKASAN/Backend/vendor/laravel/framework/src/Illuminate/Container/BoundMethod.php(35): Illuminate/Container/BoundMethod::callBoundMethod(Object(Illuminate/Foundation/Application), Array, Object(Closure))
#29 C:/Users/ASUS/OneDrive/Documents/GitHub/Project/SMA-1-PAMEKASAN/Backend/vendor/laravel/framework/src/Illuminate/Container/Container.php(799): Illuminate/Container/BoundMethod::call(Object(Illuminate/Foundation/Application), Array, Array, NULL)
#30 C:/Users/ASUS/OneDrive/Documents/GitHub/Project/SMA-1-PAMEKASAN/Backend/vendor/laravel/framework/src/Illuminate/Console/Command.php(211): Illuminate/Container/Container->call(Array)
#31 C:/Users/ASUS/OneDrive/Documents/GitHub/Project/SMA-1-PAMEKASAN/Backend/vendor/symfony/console/Command/Command.php(341): Illuminate/Console/Command->execute(Object(Symfony/Component/Console/Input/ArgvInput), Object(Illuminate/Console/OutputStyle))
#32 C:/Users/ASUS/OneDrive/Documents/GitHub/Project/SMA-1-PAMEKASAN/Backend/vendor/laravel/framework/src/Illuminate/Console/Command.php(180): Symfony/Component/Console/Command/Command->run(Object(Symfony/Component/Console/Input/ArgvInput), Object(Illuminate/Console/OutputStyle))
#33 C:/Users/ASUS/OneDrive/Documents/GitHub/Project/SMA-1-PAMEKASAN/Backend/vendor/symfony/console/Application.php(1117): Illuminate/Console/Command->run(Object(Symfony/Component/Console/Input/ArgvInput), Object(Symfony/Component/Console/Output/ConsoleOutput))
#34 C:/Users/ASUS/OneDrive/Documents/GitHub/Project/SMA-1-PAMEKASAN/Backend/vendor/symfony/console/Application.php(356): Symfony/Component/Console/Application->doRunCommand(Object(Illuminate/Database/Console/Migrations/MigrateCommand), Object(Symfony/Component/Console/Input/ArgvInput), Object(Symfony/Component/Console/Output/ConsoleOutput))
#35 C:/Users/ASUS/OneDrive/Documents/GitHub/Project/SMA-1-PAMEKASAN/Backend/vendor/symfony/console/Application.php(195): Symfony/Component/Console/Application->doRun(Object(Symfony/Component/Console/Input/ArgvInput), Object(Symfony/Component/Console/Output/ConsoleOutput))
#36 C:/Users/ASUS/OneDrive/Documents/GitHub/Project/SMA-1-PAMEKASAN/Backend/vendor/laravel/framework/src/Illuminate/Foundation/Console/Kernel.php(198): Symfony/Component/Console/Application->run(Object(Symfony/Component/Console/Input/ArgvInput), Object(Symfony/Component/Console/Output/ConsoleOutput))
#37 C:/Users/ASUS/OneDrive/Documents/GitHub/Project/SMA-1-PAMEKASAN/Backend/vendor/laravel/framework/src/Illuminate/Foundation/Application.php(1235): Illuminate/Foundation/Console/Kernel->handle(Object(Symfony/Component/Console/Input/ArgvInput), Object(Symfony/Component/Console/Output/ConsoleOutput))
#38 C:/Users/ASUS/OneDrive/Documents/GitHub/Project/SMA-1-PAMEKASAN/Backend/artisan(16): Illuminate/Foundation/Application->handleCommand(Object(Symfony/Component/Console/Input/ArgvInput))
#39 {main}
"} 
[2026-03-13 16:49:01] local.ERROR: No application encryption key has been specified. {"exception":"[object] (Illuminate\\Encryption\\MissingAppKeyException(code: 0): No application encryption key has been specified. at C:/Users/ASUS/OneDrive/Documents/GitHub/Project/SMA-1-PAMEKASAN/Backend/vendor/laravel/framework/src/Illuminate/Encryption/EncryptionServiceProvider.php:83)
[stacktrace]
#0 C:/Users/ASUS/OneDrive/Documents/GitHub/Project/SMA-1-PAMEKASAN/Backend/vendor/laravel/framework/src/Illuminate/Support/helpers.php(388): Illuminate/Encryption/EncryptionServiceProvider->{closure:Illuminate/Encryption/EncryptionServiceProvider::key():81}('')
#1 C:/Users/ASUS/OneDrive/Documents/GitHub/Project/SMA-1-PAMEKASAN/Backend/vendor/laravel/framework/src/Illuminate/Encryption/EncryptionServiceProvider.php(81): tap('', Object(Closure))
#2 C:/Users/ASUS/OneDrive/Documents/GitHub/Project/SMA-1-PAMEKASAN/Backend/vendor/laravel/framework/src/Illuminate/Encryption/EncryptionServiceProvider.php(64): Illuminate/Encryption/EncryptionServiceProvider->key(Array)
#3 C:/Users/ASUS/OneDrive/Documents/GitHub/Project/SMA-1-PAMEKASAN/Backend/vendor/laravel/framework/src/Illuminate/Encryption/EncryptionServiceProvider.php(32): Illuminate/Encryption/EncryptionServiceProvider->parseKey(Array)
#4 C:/Users/ASUS/OneDrive/Documents/GitHub/Project/SMA-1-PAMEKASAN/Backend/vendor/laravel/framework/src/Illuminate/Container/Container.php(1115): Illuminate/Encryption/EncryptionServiceProvider->{closure:Illuminate/Encryption/EncryptionServiceProvider::registerEncrypter():29}(Object(Illuminate/Foundation/Application), Array)
#5 C:/Users/ASUS/OneDrive/Documents/GitHub/Project/SMA-1-PAMEKASAN/Backend/vendor/laravel/framework/src/Illuminate/Container/Container.php(933): Illuminate/Container/Container->build(Object(Closure))
#6 C:/Users/ASUS/OneDrive/Documents/GitHub/Project/SMA-1-PAMEKASAN/Backend/vendor/laravel/framework/src/Illuminate/Foundation/Application.php(1078): Illuminate/Container/Container->resolve('encrypter', Array, true)
#7 C:/Users/ASUS/OneDrive/Documents/GitHub/Project/SMA-1-PAMEKASAN/Backend/vendor/laravel/framework/src/Illuminate/Container/Container.php(864): Illuminate/Foundation/Application->resolve('encrypter', Array)
#8 C:/Users/ASUS/OneDrive/Documents/GitHub/Project/SMA-1-PAMEKASAN/Backend/vendor/laravel/framework/src/Illuminate/Foundation/Application.php(1058): Illuminate/Container/Container->make('encrypter', Array)
#9 C:/Users/ASUS/OneDrive/Documents/GitHub/Project/SMA-1-PAMEKASAN/Backend/vendor/laravel/framework/src/Illuminate/Container/Container.php(1336): Illuminate/Foundation/Application->make('encrypter')
#10 C:/Users/ASUS/OneDrive/Documents/GitHub/Project/SMA-1-PAMEKASAN/Backend/vendor/laravel/framework/src/Illuminate/Container/Container.php(1237): Illuminate/Container/Container->resolveClass(Object(ReflectionParameter))
#11 C:/Users/ASUS/OneDrive/Documents/GitHub/Project/SMA-1-PAMEKASAN/Backend/vendor/laravel/framework/src/Illuminate/Container/Container.php(1162): Illuminate/Container/Container->resolveDependencies(Array)
#12 C:/Users/ASUS/OneDrive/Documents/GitHub/Project/SMA-1-PAMEKASAN/Backend/vendor/laravel/framework/src/Illuminate/Container/Container.php(933): Illuminate/Container/Container->build('Illuminate//Cook...')
#13 C:/Users/ASUS/OneDrive/Documents/GitHub/Project/SMA-1-PAMEKASAN/Backend/vendor/laravel/framework/src/Illuminate/Foundation/Application.php(1078): Illuminate/Container/Container->resolve('Illuminate//Cook...', Array, true)
#14 C:/Users/ASUS/OneDrive/Documents/GitHub/Project/SMA-1-PAMEKASAN/Backend/vendor/laravel/framework/src/Illuminate/Container/Container.php(864): Illuminate/Foundation/Application->resolve('Illuminate//Cook...', Array)
#15 C:/Users/ASUS/OneDrive/Documents/GitHub/Project/SMA-1-PAMEKASAN/Backend/vendor/laravel/framework/src/Illuminate/Foundation/Application.php(1058): Illuminate/Container/Container->make('Illuminate//Cook...', Array)
#16 C:/Users/ASUS/OneDrive/Documents/GitHub/Project/SMA-1-PAMEKASAN/Backend/vendor/laravel/framework/src/Illuminate/Pipeline/Pipeline.php(208): Illuminate/Foundation/Application->make('Illuminate//Cook...')
#17 C:/Users/ASUS/OneDrive/Documents/GitHub/Project/SMA-1-PAMEKASAN/Backend/vendor/laravel/framework/src/Illuminate/Pipeline/Pipeline.php(137): Illuminate/Pipeline/Pipeline->{closure:{closure:Illuminate/Pipeline/Pipeline::carry():194}:195}(Object(Illuminate/Http/Request))
#18 C:/Users/ASUS/OneDrive/Documents/GitHub/Project/SMA-1-PAMEKASAN/Backend/vendor/laravel/framework/src/Illuminate/Routing/Router.php(821): Illuminate/Pipeline/Pipeline->then(Object(Closure))
#19 C:/Users/ASUS/OneDrive/Documents/GitHub/Project/SMA-1-PAMEKASAN/Backend/vendor/laravel/framework/src/Illuminate/Routing/Router.php(800): Illuminate/Routing/Router->runRouteWithinStack(Object(Illuminate/Routing/Route), Object(Illuminate/Http/Request))
#20 C:/Users/ASUS/OneDrive/Documents/GitHub/Project/SMA-1-PAMEKASAN/Backend/vendor/laravel/framework/src/Illuminate/Routing/Router.php(764): Illuminate/Routing/Router->runRoute(Object(Illuminate/Http/Request), Object(Illuminate/Routing/Route))
#21 C:/Users/ASUS/OneDrive/Documents/GitHub/Project/SMA-1-PAMEKASAN/Backend/vendor/laravel/framework/src/Illuminate/Routing/Router.php(753): Illuminate/Routing/Router->dispatchToRoute(Object(Illuminate/Http/Request))
#22 C:/Users/ASUS/OneDrive/Documents/GitHub/Project/SMA-1-PAMEKASAN/Backend/vendor/laravel/framework/src/Illuminate/Foundation/Http/Kernel.php(200): Illuminate/Routing/Router->dispatch(Object(Illuminate/Http/Request))
#23 C:/Users/ASUS/OneDrive/Documents/GitHub/Project/SMA-1-PAMEKASAN/Backend/vendor/laravel/framework/src/Illuminate/Pipeline/Pipeline.php(180): Illuminate/Foundation/Http/Kernel->{closure:Illuminate/Foundation/Http/Kernel::dispatchToRouter():197}(Object(Illuminate/Http/Request))
#24 C:/Users/ASUS/OneDrive/Documents/GitHub/Project/SMA-1-PAMEKASAN/Backend/vendor/laravel/framework/src/Illuminate/Foundation/Http/Middleware/TransformsRequest.php(21): Illuminate/Pipeline/Pipeline->{closure:Illuminate/Pipeline/Pipeline::prepareDestination():178}(Object(Illuminate/Http/Request))
#25 C:/Users/ASUS/OneDrive/Documents/GitHub/Project/SMA-1-PAMEKASAN/Backend/vendor/laravel/framework/src/Illuminate/Foundation/Http/Middleware/ConvertEmptyStringsToNull.php(31): Illuminate/Foundation/Http/Middleware/TransformsRequest->handle(Object(Illuminate/Http/Request), Object(Closure))
#26 C:/Users/ASUS/OneDrive/Documents/GitHub/Project/SMA-1-PAMEKASAN/Backend/vendor/laravel/framework/src/Illuminate/Pipeline/Pipeline.php(219): Illuminate/Foundation/Http/Middleware/ConvertEmptyStringsToNull->handle(Object(Illuminate/Http/Request), Object(Closure))
#27 C:/Users/ASUS/OneDrive/Documents/GitHub/Project/SMA-1-PAMEKASAN/Backend/vendor/laravel/framework/src/Illuminate/Foundation/Http/Middleware/TransformsRequest.php(21): Illuminate/Pipeline/Pipeline->{closure:{closure:Illuminate/Pipeline/Pipeline::carry():194}:195}(Object(Illuminate/Http/Request))
#28 C:/Users/ASUS/OneDrive/Documents/GitHub/Project/SMA-1-PAMEKASAN/Backend/vendor/laravel/framework/src/Illuminate/Foundation/Http/Middleware/TrimStrings.php(51): Illuminate/Foundation/Http/Middleware/TransformsRequest->handle(Object(Illuminate/Http/Request), Object(Closure))
#29 C:/Users/ASUS/OneDrive/Documents/GitHub/Project/SMA-1-PAMEKASAN/Backend/vendor/laravel/framework/src/Illuminate/Pipeline/Pipeline.php(219): Illuminate/Foundation/Http/Middleware/TrimStrings->handle(Object(Illuminate/Http/Request), Object(Closure))
#30 C:/Users/ASUS/OneDrive/Documents/GitHub/Project/SMA-1-PAMEKASAN/Backend/vendor/laravel/framework/src/Illuminate/Http/Middleware/ValidatePostSize.php(27): Illuminate/Pipeline/Pipeline->{closure:{closure:Illuminate/Pipeline/Pipeline::carry():194}:195}(Object(Illuminate/Http/Request))
#31 C:/Users/ASUS/OneDrive/Documents/GitHub/Project/SMA-1-PAMEKASAN/Backend/vendor/laravel/framework/src/Illuminate/Pipeline/Pipeline.php(219): Illuminate/Http/Middleware/ValidatePostSize->handle(Object(Illuminate/Http/Request), Object(Closure))
#32 C:/Users/ASUS/OneDrive/Documents/GitHub/Project/SMA-1-PAMEKASAN/Backend/vendor/laravel/framework/src/Illuminate/Foundation/Http/Middleware/PreventRequestsDuringMaintenance.php(109): Illuminate/Pipeline/Pipeline->{closure:{closure:Illuminate/Pipeline/Pipeline::carry():194}:195}(Object(Illuminate/Http/Request))
#33 C:/Users/ASUS/OneDrive/Documents/GitHub/Project/SMA-1-PAMEKASAN/Backend/vendor/laravel/framework/src/Illuminate/Pipeline/Pipeline.php(219): Illuminate/Foundation/Http/Middleware/PreventRequestsDuringMaintenance->handle(Object(Illuminate/Http/Request), Object(Closure))
#34 C:/Users/ASUS/OneDrive/Documents/GitHub/Project/SMA-1-PAMEKASAN/Backend/vendor/laravel/framework/src/Illuminate/Http/Middleware/HandleCors.php(61): Illuminate/Pipeline/Pipeline->{closure:{closure:Illuminate/Pipeline/Pipeline::carry():194}:195}(Object(Illuminate/Http/Request))
#35 C:/Users/ASUS/OneDrive/Documents/GitHub/Project/SMA-1-PAMEKASAN/Backend/vendor/laravel/framework/src/Illuminate/Pipeline/Pipeline.php(219): Illuminate/Http/Middleware/HandleCors->handle(Object(Illuminate/Http/Request), Object(Closure))
#36 C:/Users/ASUS/OneDrive/Documents/GitHub/Project/SMA-1-PAMEKASAN/Backend/vendor/laravel/framework/src/Illuminate/Http/Middleware/TrustProxies.php(58): Illuminate/Pipeline/Pipeline->{closure:{closure:Illuminate/Pipeline/Pipeline::carry():194}:195}(Object(Illuminate/Http/Request))
#37 C:/Users/ASUS/OneDrive/Documents/GitHub/Project/SMA-1-PAMEKASAN/Backend/vendor/laravel/framework/src/Illuminate/Pipeline/Pipeline.php(219): Illuminate/Http/Middleware/TrustProxies->handle(Object(Illuminate/Http/Request), Object(Closure))
#38 C:/Users/ASUS/OneDrive/Documents/GitHub/Project/SMA-1-PAMEKASAN/Backend/vendor/laravel/framework/src/Illuminate/Foundation/Http/Middleware/InvokeDeferredCallbacks.php(22): Illuminate/Pipeline/Pipeline->{closure:{closure:Illuminate/Pipeline/Pipeline::carry():194}:195}(Object(Illuminate/Http/Request))
#39 C:/Users/ASUS/OneDrive/Documents/GitHub/Project/SMA-1-PAMEKASAN/Backend/vendor/laravel/framework/src/Illuminate/Pipeline/Pipeline.php(219): Illuminate/Foundation/Http/Middleware/InvokeDeferredCallbacks->handle(Object(Illuminate/Http/Request), Object(Closure))
#40 C:/Users/ASUS/OneDrive/Documents/GitHub/Project/SMA-1-PAMEKASAN/Backend/vendor/laravel/framework/src/Illuminate/Http/Middleware/ValidatePathEncoding.php(26): Illuminate/Pipeline/Pipeline->{closure:{closure:Illuminate/Pipeline/Pipeline::carry():194}:195}(Object(Illuminate/Http/Request))
#41 C:/Users/ASUS/OneDrive/Documents/GitHub/Project/SMA-1-PAMEKASAN/Backend/vendor/laravel/framework/src/Illuminate/Pipeline/Pipeline.php(219): Illuminate/Http/Middleware/ValidatePathEncoding->handle(Object(Illuminate/Http/Request), Object(Closure))
#42 C:/Users/ASUS/OneDrive/Documents/GitHub/Project/SMA-1-PAMEKASAN/Backend/vendor/laravel/framework/src/Illuminate/Pipeline/Pipeline.php(137): Illuminate/Pipeline/Pipeline->{closure:{closure:Illuminate/Pipeline/Pipeline::carry():194}:195}(Object(Illuminate/Http/Request))
#43 C:/Users/ASUS/OneDrive/Documents/GitHub/Project/SMA-1-PAMEKASAN/Backend/vendor/laravel/framework/src/Illuminate/Foundation/Http/Kernel.php(175): Illuminate/Pipeline/Pipeline->then(Object(Closure))
#44 C:/Users/ASUS/OneDrive/Documents/GitHub/Project/SMA-1-PAMEKASAN/Backend/vendor/laravel/framework/src/Illuminate/Foundation/Http/Kernel.php(144): Illuminate/Foundation/Http/Kernel->sendRequestThroughRouter(Object(Illuminate/Http/Request))
#45 C:/Users/ASUS/OneDrive/Documents/GitHub/Project/SMA-1-PAMEKASAN/Backend/vendor/laravel/framework/src/Illuminate/Foundation/Application.php(1220): Illuminate/Foundation/Http/Kernel->handle(Object(Illuminate/Http/Request))
#46 C:/Users/ASUS/OneDrive/Documents/GitHub/Project/SMA-1-PAMEKASAN/Backend/public/index.php(20): Illuminate/Foundation/Application->handleRequest(Object(Illuminate/Http/Request))
#47 C:/Users/ASUS/OneDrive/Documents/GitHub/Project/SMA-1-PAMEKASAN/Backend/vendor/laravel/framework/src/Illuminate/Foundation/resources/server.php(23): require_once('C://Users//ASUS//O...')
#48 {main}
"} 
[2026-03-13 16:49:23] local.ERROR: No application encryption key has been specified. {"exception":"[object] (Illuminate\\Encryption\\MissingAppKeyException(code: 0): No application encryption key has been specified. at C:/Users/ASUS/OneDrive/Documents/GitHub/Project/SMA-1-PAMEKASAN/Backend/vendor/laravel/framework/src/Illuminate/Encryption/EncryptionServiceProvider.php:83)
[stacktrace]
#0 C:/Users/ASUS/OneDrive/Documents/GitHub/Project/SMA-1-PAMEKASAN/Backend/vendor/laravel/framework/src/Illuminate/Support/helpers.php(388): Illuminate/Encryption/EncryptionServiceProvider->{closure:Illuminate/Encryption/EncryptionServiceProvider::key():81}('')
#1 C:/Users/ASUS/OneDrive/Documents/GitHub/Project/SMA-1-PAMEKASAN/Backend/vendor/laravel/framework/src/Illuminate/Encryption/EncryptionServiceProvider.php(81): tap('', Object(Closure))
#2 C:/Users/ASUS/OneDrive/Documents/GitHub/Project/SMA-1-PAMEKASAN/Backend/vendor/laravel/framework/src/Illuminate/Encryption/EncryptionServiceProvider.php(64): Illuminate/Encryption/EncryptionServiceProvider->key(Array)
#3 C:/Users/ASUS/OneDrive/Documents/GitHub/Project/SMA-1-PAMEKASAN/Backend/vendor/laravel/framework/src/Illuminate/Encryption/EncryptionServiceProvider.php(32): Illuminate/Encryption/EncryptionServiceProvider->parseKey(Array)
#4 C:/Users/ASUS/OneDrive/Documents/GitHub/Project/SMA-1-PAMEKASAN/Backend/vendor/laravel/framework/src/Illuminate/Container/Container.php(1115): Illuminate/Encryption/EncryptionServiceProvider->{closure:Illuminate/Encryption/EncryptionServiceProvider::registerEncrypter():29}(Object(Illuminate/Foundation/Application), Array)
#5 C:/Users/ASUS/OneDrive/Documents/GitHub/Project/SMA-1-PAMEKASAN/Backend/vendor/laravel/framework/src/Illuminate/Container/Container.php(933): Illuminate/Container/Container->build(Object(Closure))
#6 C:/Users/ASUS/OneDrive/Documents/GitHub/Project/SMA-1-PAMEKASAN/Backend/vendor/laravel/framework/src/Illuminate/Foundation/Application.php(1078): Illuminate/Container/Container->resolve('encrypter', Array, true)
#7 C:/Users/ASUS/OneDrive/Documents/GitHub/Project/SMA-1-PAMEKASAN/Backend/vendor/laravel/framework/src/Illuminate/Container/Container.php(864): Illuminate/Foundation/Application->resolve('encrypter', Array)
#8 C:/Users/ASUS/OneDrive/Documents/GitHub/Project/SMA-1-PAMEKASAN/Backend/vendor/laravel/framework/src/Illuminate/Foundation/Application.php(1058): Illuminate/Container/Container->make('encrypter', Array)
#9 C:/Users/ASUS/OneDrive/Documents/GitHub/Project/SMA-1-PAMEKASAN/Backend/vendor/laravel/framework/src/Illuminate/Container/Container.php(1336): Illuminate/Foundation/Application->make('encrypter')
#10 C:/Users/ASUS/OneDrive/Documents/GitHub/Project/SMA-1-PAMEKASAN/Backend/vendor/laravel/framework/src/Illuminate/Container/Container.php(1237): Illuminate/Container/Container->resolveClass(Object(ReflectionParameter))
#11 C:/Users/ASUS/OneDrive/Documents/GitHub/Project/SMA-1-PAMEKASAN/Backend/vendor/laravel/framework/src/Illuminate/Container/Container.php(1162): Illuminate/Container/Container->resolveDependencies(Array)
#12 C:/Users/ASUS/OneDrive/Documents/GitHub/Project/SMA-1-PAMEKASAN/Backend/vendor/laravel/framework/src/Illuminate/Container/Container.php(933): Illuminate/Container/Container->build('Illuminate//Cook...')
#13 C:/Users/ASUS/OneDrive/Documents/GitHub/Project/SMA-1-PAMEKASAN/Backend/vendor/laravel/framework/src/Illuminate/Foundation/Application.php(1078): Illuminate/Container/Container->resolve('Illuminate//Cook...', Array, true)
#14 C:/Users/ASUS/OneDrive/Documents/GitHub/Project/SMA-1-PAMEKASAN/Backend/vendor/laravel/framework/src/Illuminate/Container/Container.php(864): Illuminate/Foundation/Application->resolve('Illuminate//Cook...', Array)
#15 C:/Users/ASUS/OneDrive/Documents/GitHub/Project/SMA-1-PAMEKASAN/Backend/vendor/laravel/framework/src/Illuminate/Foundation/Application.php(1058): Illuminate/Container/Container->make('Illuminate//Cook...', Array)
#16 C:/Users/ASUS/OneDrive/Documents/GitHub/Project/SMA-1-PAMEKASAN/Backend/vendor/laravel/framework/src/Illuminate/Pipeline/Pipeline.php(208): Illuminate/Foundation/Application->make('Illuminate//Cook...')
#17 C:/Users/ASUS/OneDrive/Documents/GitHub/Project/SMA-1-PAMEKASAN/Backend/vendor/laravel/framework/src/Illuminate/Pipeline/Pipeline.php(137): Illuminate/Pipeline/Pipeline->{closure:{closure:Illuminate/Pipeline/Pipeline::carry():194}:195}(Object(Illuminate/Http/Request))
#18 C:/Users/ASUS/OneDrive/Documents/GitHub/Project/SMA-1-PAMEKASAN/Backend/vendor/laravel/framework/src/Illuminate/Routing/Router.php(821): Illuminate/Pipeline/Pipeline->then(Object(Closure))
#19 C:/Users/ASUS/OneDrive/Documents/GitHub/Project/SMA-1-PAMEKASAN/Backend/vendor/laravel/framework/src/Illuminate/Routing/Router.php(800): Illuminate/Routing/Router->runRouteWithinStack(Object(Illuminate/Routing/Route), Object(Illuminate/Http/Request))
#20 C:/Users/ASUS/OneDrive/Documents/GitHub/Project/SMA-1-PAMEKASAN/Backend/vendor/laravel/framework/src/Illuminate/Routing/Router.php(764): Illuminate/Routing/Router->runRoute(Object(Illuminate/Http/Request), Object(Illuminate/Routing/Route))
#21 C:/Users/ASUS/OneDrive/Documents/GitHub/Project/SMA-1-PAMEKASAN/Backend/vendor/laravel/framework/src/Illuminate/Routing/Router.php(753): Illuminate/Routing/Router->dispatchToRoute(Object(Illuminate/Http/Request))
#22 C:/Users/ASUS/OneDrive/Documents/GitHub/Project/SMA-1-PAMEKASAN/Backend/vendor/laravel/framework/src/Illuminate/Foundation/Http/Kernel.php(200): Illuminate/Routing/Router->dispatch(Object(Illuminate/Http/Request))
#23 C:/Users/ASUS/OneDrive/Documents/GitHub/Project/SMA-1-PAMEKASAN/Backend/vendor/laravel/framework/src/Illuminate/Pipeline/Pipeline.php(180): Illuminate/Foundation/Http/Kernel->{closure:Illuminate/Foundation/Http/Kernel::dispatchToRouter():197}(Object(Illuminate/Http/Request))
#24 C:/Users/ASUS/OneDrive/Documents/GitHub/Project/SMA-1-PAMEKASAN/Backend/vendor/laravel/framework/src/Illuminate/Foundation/Http/Middleware/TransformsRequest.php(21): Illuminate/Pipeline/Pipeline->{closure:Illuminate/Pipeline/Pipeline::prepareDestination():178}(Object(Illuminate/Http/Request))
#25 C:/Users/ASUS/OneDrive/Documents/GitHub/Project/SMA-1-PAMEKASAN/Backend/vendor/laravel/framework/src/Illuminate/Foundation/Http/Middleware/ConvertEmptyStringsToNull.php(31): Illuminate/Foundation/Http/Middleware/TransformsRequest->handle(Object(Illuminate/Http/Request), Object(Closure))
#26 C:/Users/ASUS/OneDrive/Documents/GitHub/Project/SMA-1-PAMEKASAN/Backend/vendor/laravel/framework/src/Illuminate/Pipeline/Pipeline.php(219): Illuminate/Foundation/Http/Middleware/ConvertEmptyStringsToNull->handle(Object(Illuminate/Http/Request), Object(Closure))
#27 C:/Users/ASUS/OneDrive/Documents/GitHub/Project/SMA-1-PAMEKASAN/Backend/vendor/laravel/framework/src/Illuminate/Foundation/Http/Middleware/TransformsRequest.php(21): Illuminate/Pipeline/Pipeline->{closure:{closure:Illuminate/Pipeline/Pipeline::carry():194}:195}(Object(Illuminate/Http/Request))
#28 C:/Users/ASUS/OneDrive/Documents/GitHub/Project/SMA-1-PAMEKASAN/Backend/vendor/laravel/framework/src/Illuminate/Foundation/Http/Middleware/TrimStrings.php(51): Illuminate/Foundation/Http/Middleware/TransformsRequest->handle(Object(Illuminate/Http/Request), Object(Closure))
#29 C:/Users/ASUS/OneDrive/Documents/GitHub/Project/SMA-1-PAMEKASAN/Backend/vendor/laravel/framework/src/Illuminate/Pipeline/Pipeline.php(219): Illuminate/Foundation/Http/Middleware/TrimStrings->handle(Object(Illuminate/Http/Request), Object(Closure))
#30 C:/Users/ASUS/OneDrive/Documents/GitHub/Project/SMA-1-PAMEKASAN/Backend/vendor/laravel/framework/src/Illuminate/Http/Middleware/ValidatePostSize.php(27): Illuminate/Pipeline/Pipeline->{closure:{closure:Illuminate/Pipeline/Pipeline::carry():194}:195}(Object(Illuminate/Http/Request))
#31 C:/Users/ASUS/OneDrive/Documents/GitHub/Project/SMA-1-PAMEKASAN/Backend/vendor/laravel/framework/src/Illuminate/Pipeline/Pipeline.php(219): Illuminate/Http/Middleware/ValidatePostSize->handle(Object(Illuminate/Http/Request), Object(Closure))
#32 C:/Users/ASUS/OneDrive/Documents/GitHub/Project/SMA-1-PAMEKASAN/Backend/vendor/laravel/framework/src/Illuminate/Foundation/Http/Middleware/PreventRequestsDuringMaintenance.php(109): Illuminate/Pipeline/Pipeline->{closure:{closure:Illuminate/Pipeline/Pipeline::carry():194}:195}(Object(Illuminate/Http/Request))
#33 C:/Users/ASUS/OneDrive/Documents/GitHub/Project/SMA-1-PAMEKASAN/Backend/vendor/laravel/framework/src/Illuminate/Pipeline/Pipeline.php(219): Illuminate/Foundation/Http/Middleware/PreventRequestsDuringMaintenance->handle(Object(Illuminate/Http/Request), Object(Closure))
#34 C:/Users/ASUS/OneDrive/Documents/GitHub/Project/SMA-1-PAMEKASAN/Backend/vendor/laravel/framework/src/Illuminate/Http/Middleware/HandleCors.php(61): Illuminate/Pipeline/Pipeline->{closure:{closure:Illuminate/Pipeline/Pipeline::carry():194}:195}(Object(Illuminate/Http/Request))
#35 C:/Users/ASUS/OneDrive/Documents/GitHub/Project/SMA-1-PAMEKASAN/Backend/vendor/laravel/framework/src/Illuminate/Pipeline/Pipeline.php(219): Illuminate/Http/Middleware/HandleCors->handle(Object(Illuminate/Http/Request), Object(Closure))
#36 C:/Users/ASUS/OneDrive/Documents/GitHub/Project/SMA-1-PAMEKASAN/Backend/vendor/laravel/framework/src/Illuminate/Http/Middleware/TrustProxies.php(58): Illuminate/Pipeline/Pipeline->{closure:{closure:Illuminate/Pipeline/Pipeline::carry():194}:195}(Object(Illuminate/Http/Request))
#37 C:/Users/ASUS/OneDrive/Documents/GitHub/Project/SMA-1-PAMEKASAN/Backend/vendor/laravel/framework/src/Illuminate/Pipeline/Pipeline.php(219): Illuminate/Http/Middleware/TrustProxies->handle(Object(Illuminate/Http/Request), Object(Closure))
#38 C:/Users/ASUS/OneDrive/Documents/GitHub/Project/SMA-1-PAMEKASAN/Backend/vendor/laravel/framework/src/Illuminate/Foundation/Http/Middleware/InvokeDeferredCallbacks.php(22): Illuminate/Pipeline/Pipeline->{closure:{closure:Illuminate/Pipeline/Pipeline::carry():194}:195}(Object(Illuminate/Http/Request))
#39 C:/Users/ASUS/OneDrive/Documents/GitHub/Project/SMA-1-PAMEKASAN/Backend/vendor/laravel/framework/src/Illuminate/Pipeline/Pipeline.php(219): Illuminate/Foundation/Http/Middleware/InvokeDeferredCallbacks->handle(Object(Illuminate/Http/Request), Object(Closure))
#40 C:/Users/ASUS/OneDrive/Documents/GitHub/Project/SMA-1-PAMEKASAN/Backend/vendor/laravel/framework/src/Illuminate/Http/Middleware/ValidatePathEncoding.php(26): Illuminate/Pipeline/Pipeline->{closure:{closure:Illuminate/Pipeline/Pipeline::carry():194}:195}(Object(Illuminate/Http/Request))
#41 C:/Users/ASUS/OneDrive/Documents/GitHub/Project/SMA-1-PAMEKASAN/Backend/vendor/laravel/framework/src/Illuminate/Pipeline/Pipeline.php(219): Illuminate/Http/Middleware/ValidatePathEncoding->handle(Object(Illuminate/Http/Request), Object(Closure))
#42 C:/Users/ASUS/OneDrive/Documents/GitHub/Project/SMA-1-PAMEKASAN/Backend/vendor/laravel/framework/src/Illuminate/Pipeline/Pipeline.php(137): Illuminate/Pipeline/Pipeline->{closure:{closure:Illuminate/Pipeline/Pipeline::carry():194}:195}(Object(Illuminate/Http/Request))
#43 C:/Users/ASUS/OneDrive/Documents/GitHub/Project/SMA-1-PAMEKASAN/Backend/vendor/laravel/framework/src/Illuminate/Foundation/Http/Kernel.php(175): Illuminate/Pipeline/Pipeline->then(Object(Closure))
#44 C:/Users/ASUS/OneDrive/Documents/GitHub/Project/SMA-1-PAMEKASAN/Backend/vendor/laravel/framework/src/Illuminate/Foundation/Http/Kernel.php(144): Illuminate/Foundation/Http/Kernel->sendRequestThroughRouter(Object(Illuminate/Http/Request))
#45 C:/Users/ASUS/OneDrive/Documents/GitHub/Project/SMA-1-PAMEKASAN/Backend/vendor/laravel/framework/src/Illuminate/Foundation/Application.php(1220): Illuminate/Foundation/Http/Kernel->handle(Object(Illuminate/Http/Request))
#46 C:/Users/ASUS/OneDrive/Documents/GitHub/Project/SMA-1-PAMEKASAN/Backend/public/index.php(20): Illuminate/Foundation/Application->handleRequest(Object(Illuminate/Http/Request))
#47 C:/Users/ASUS/OneDrive/Documents/GitHub/Project/SMA-1-PAMEKASAN/Backend/vendor/laravel/framework/src/Illuminate/Foundation/resources/server.php(23): require_once('C://Users//ASUS//O...')
#48 {main}
"} 
[2026-03-13 16:49:27] local.ERROR: No application encryption key has been specified. {"exception":"[object] (Illuminate\\Encryption\\MissingAppKeyException(code: 0): No application encryption key has been specified. at C:/Users/ASUS/OneDrive/Documents/GitHub/Project/SMA-1-PAMEKASAN/Backend/vendor/laravel/framework/src/Illuminate/Encryption/EncryptionServiceProvider.php:83)
[stacktrace]
#0 C:/Users/ASUS/OneDrive/Documents/GitHub/Project/SMA-1-PAMEKASAN/Backend/vendor/laravel/framework/src/Illuminate/Support/helpers.php(388): Illuminate/Encryption/EncryptionServiceProvider->{closure:Illuminate/Encryption/EncryptionServiceProvider::key():81}('')
#1 C:/Users/ASUS/OneDrive/Documents/GitHub/Project/SMA-1-PAMEKASAN/Backend/vendor/laravel/framework/src/Illuminate/Encryption/EncryptionServiceProvider.php(81): tap('', Object(Closure))
#2 C:/Users/ASUS/OneDrive/Documents/GitHub/Project/SMA-1-PAMEKASAN/Backend/vendor/laravel/framework/src/Illuminate/Encryption/EncryptionServiceProvider.php(64): Illuminate/Encryption/EncryptionServiceProvider->key(Array)
#3 C:/Users/ASUS/OneDrive/Documents/GitHub/Project/SMA-1-PAMEKASAN/Backend/vendor/laravel/framework/src/Illuminate/Encryption/EncryptionServiceProvider.php(32): Illuminate/Encryption/EncryptionServiceProvider->parseKey(Array)
#4 C:/Users/ASUS/OneDrive/Documents/GitHub/Project/SMA-1-PAMEKASAN/Backend/vendor/laravel/framework/src/Illuminate/Container/Container.php(1115): Illuminate/Encryption/EncryptionServiceProvider->{closure:Illuminate/Encryption/EncryptionServiceProvider::registerEncrypter():29}(Object(Illuminate/Foundation/Application), Array)
#5 C:/Users/ASUS/OneDrive/Documents/GitHub/Project/SMA-1-PAMEKASAN/Backend/vendor/laravel/framework/src/Illuminate/Container/Container.php(933): Illuminate/Container/Container->build(Object(Closure))
#6 C:/Users/ASUS/OneDrive/Documents/GitHub/Project/SMA-1-PAMEKASAN/Backend/vendor/laravel/framework/src/Illuminate/Foundation/Application.php(1078): Illuminate/Container/Container->resolve('encrypter', Array, true)
#7 C:/Users/ASUS/OneDrive/Documents/GitHub/Project/SMA-1-PAMEKASAN/Backend/vendor/laravel/framework/src/Illuminate/Container/Container.php(864): Illuminate/Foundation/Application->resolve('encrypter', Array)
#8 C:/Users/ASUS/OneDrive/Documents/GitHub/Project/SMA-1-PAMEKASAN/Backend/vendor/laravel/framework/src/Illuminate/Foundation/Application.php(1058): Illuminate/Container/Container->make('encrypter', Array)
#9 C:/Users/ASUS/OneDrive/Documents/GitHub/Project/SMA-1-PAMEKASAN/Backend/vendor/laravel/framework/src/Illuminate/Container/Container.php(1336): Illuminate/Foundation/Application->make('encrypter')
#10 C:/Users/ASUS/OneDrive/Documents/GitHub/Project/SMA-1-PAMEKASAN/Backend/vendor/laravel/framework/src/Illuminate/Container/Container.php(1237): Illuminate/Container/Container->resolveClass(Object(ReflectionParameter))
#11 C:/Users/ASUS/OneDrive/Documents/GitHub/Project/SMA-1-PAMEKASAN/Backend/vendor/laravel/framework/src/Illuminate/Container/Container.php(1162): Illuminate/Container/Container->resolveDependencies(Array)
#12 C:/Users/ASUS/OneDrive/Documents/GitHub/Project/SMA-1-PAMEKASAN/Backend/vendor/laravel/framework/src/Illuminate/Container/Container.php(933): Illuminate/Container/Container->build('Illuminate//Cook...')
#13 C:/Users/ASUS/OneDrive/Documents/GitHub/Project/SMA-1-PAMEKASAN/Backend/vendor/laravel/framework/src/Illuminate/Foundation/Application.php(1078): Illuminate/Container/Container->resolve('Illuminate//Cook...', Array, true)
#14 C:/Users/ASUS/OneDrive/Documents/GitHub/Project/SMA-1-PAMEKASAN/Backend/vendor/laravel/framework/src/Illuminate/Container/Container.php(864): Illuminate/Foundation/Application->resolve('Illuminate//Cook...', Array)
#15 C:/Users/ASUS/OneDrive/Documents/GitHub/Project/SMA-1-PAMEKASAN/Backend/vendor/laravel/framework/src/Illuminate/Foundation/Application.php(1058): Illuminate/Container/Container->make('Illuminate//Cook...', Array)
#16 C:/Users/ASUS/OneDrive/Documents/GitHub/Project/SMA-1-PAMEKASAN/Backend/vendor/laravel/framework/src/Illuminate/Foundation/Http/Kernel.php(257): Illuminate/Foundation/Application->make('Illuminate//Cook...')
#17 C:/Users/ASUS/OneDrive/Documents/GitHub/Project/SMA-1-PAMEKASAN/Backend/vendor/laravel/framework/src/Illuminate/Foundation/Http/Kernel.php(215): Illuminate/Foundation/Http/Kernel->terminateMiddleware(Object(Illuminate/Http/Request), Object(Illuminate/Http/Response))
#18 C:/Users/ASUS/OneDrive/Documents/GitHub/Project/SMA-1-PAMEKASAN/Backend/vendor/laravel/framework/src/Illuminate/Foundation/Application.php(1222): Illuminate/Foundation/Http/Kernel->terminate(Object(Illuminate/Http/Request), Object(Illuminate/Http/Response))
#19 C:/Users/ASUS/OneDrive/Documents/GitHub/Project/SMA-1-PAMEKASAN/Backend/public/index.php(20): Illuminate/Foundation/Application->handleRequest(Object(Illuminate/Http/Request))
#20 C:/Users/ASUS/OneDrive/Documents/GitHub/Project/SMA-1-PAMEKASAN/Backend/vendor/laravel/framework/src/Illuminate/Foundation/resources/server.php(23): require_once('C://Users//ASUS//O...')
#21 {main}
"} 
[2026-03-13 17:06:57] local.ERROR: Command "sanctum:install" is not defined.

Did you mean one of these?
    migrate:install
    sail:install
    sanctum:prune-expired {"exception":"[object] (Symfony\\Component\\Console\\Exception\\CommandNotFoundException(code: 0): Command \"sanctum:install\" is not defined.

Did you mean one of these?
    migrate:install
    sail:install
    sanctum:prune-expired at C:/Users/ASUS/OneDrive/Documents/GitHub/Project/SMA-1-PAMEKASAN/Backend/vendor/symfony/console/Application.php:759)
[stacktrace]
#0 C:/Users/ASUS/OneDrive/Documents/GitHub/Project/SMA-1-PAMEKASAN/Backend/vendor/symfony/console/Application.php(298): Symfony/Component/Console/Application->find('sanctum:install')
#1 C:/Users/ASUS/OneDrive/Documents/GitHub/Project/SMA-1-PAMEKASAN/Backend/vendor/symfony/console/Application.php(195): Symfony/Component/Console/Application->doRun(Object(Symfony/Component/Console/Input/ArgvInput), Object(Symfony/Component/Console/Output/ConsoleOutput))
#2 C:/Users/ASUS/OneDrive/Documents/GitHub/Project/SMA-1-PAMEKASAN/Backend/vendor/laravel/framework/src/Illuminate/Foundation/Console/Kernel.php(198): Symfony/Component/Console/Application->run(Object(Symfony/Component/Console/Input/ArgvInput), Object(Symfony/Component/Console/Output/ConsoleOutput))
#3 C:/Users/ASUS/OneDrive/Documents/GitHub/Project/SMA-1-PAMEKASAN/Backend/vendor/laravel/framework/src/Illuminate/Foundation/Application.php(1235): Illuminate/Foundation/Console/Kernel->handle(Object(Symfony/Component/Console/Input/ArgvInput), Object(Symfony/Component/Console/Output/ConsoleOutput))
#4 C:/Users/ASUS/OneDrive/Documents/GitHub/Project/SMA-1-PAMEKASAN/Backend/artisan(16): Illuminate/Foundation/Application->handleCommand(Object(Symfony/Component/Console/Input/ArgvInput))
#5 {main}
"} 
[2026-03-13 17:09:54] local.ERROR: SQLSTATE[42S01]: Base table or view already exists: 1050 Table 'personal_access_tokens' already exists (Connection: mysql, Host: 127.0.0.1, Port: 3306, Database: laravel, SQL: create table `personal_access_tokens` (`id` bigint unsigned not null auto_increment primary key, `tokenable_type` varchar(255) not null, `tokenable_id` bigint unsigned not null, `name` text not null, `token` varchar(64) not null, `abilities` text null, `last_used_at` timestamp null, `expires_at` timestamp null, `created_at` timestamp null, `updated_at` timestamp null) default character set utf8mb4 collate 'utf8mb4_unicode_ci') {"exception":"[object] (Illuminate\\Database\\QueryException(code: 42S01): SQLSTATE[42S01]: Base table or view already exists: 1050 Table 'personal_access_tokens' already exists (Connection: mysql, Host: 127.0.0.1, Port: 3306, Database: laravel, SQL: create table `personal_access_tokens` (`id` bigint unsigned not null auto_increment primary key, `tokenable_type` varchar(255) not null, `tokenable_id` bigint unsigned not null, `name` text not null, `token` varchar(64) not null, `abilities` text null, `last_used_at` timestamp null, `expires_at` timestamp null, `created_at` timestamp null, `updated_at` timestamp null) default character set utf8mb4 collate 'utf8mb4_unicode_ci') at C:/Users/ASUS/OneDrive/Documents/GitHub/Project/SMA-1-PAMEKASAN/Backend/vendor/laravel/framework/src/Illuminate/Database/Connection.php:838)
[stacktrace]
#0 C:/Users/ASUS/OneDrive/Documents/GitHub/Project/SMA-1-PAMEKASAN/Backend/vendor/laravel/framework/src/Illuminate/Database/Connection.php(794): Illuminate/Database/Connection->runQueryCallback('create table `p...', Array, Object(Closure))
#1 C:/Users/ASUS/OneDrive/Documents/GitHub/Project/SMA-1-PAMEKASAN/Backend/vendor/laravel/framework/src/Illuminate/Database/Connection.php(573): Illuminate/Database/Connection->run('create table `p...', Array, Object(Closure))
#2 C:/Users/ASUS/OneDrive/Documents/GitHub/Project/SMA-1-PAMEKASAN/Backend/vendor/laravel/framework/src/Illuminate/Database/Schema/Blueprint.php(121): Illuminate/Database/Connection->statement('create table `p...')
#3 C:/Users/ASUS/OneDrive/Documents/GitHub/Project/SMA-1-PAMEKASAN/Backend/vendor/laravel/framework/src/Illuminate/Database/Schema/Builder.php(686): Illuminate/Database/Schema/Blueprint->build()
#4 C:/Users/ASUS/OneDrive/Documents/GitHub/Project/SMA-1-PAMEKASAN/Backend/vendor/laravel/framework/src/Illuminate/Database/Schema/Builder.php(506): Illuminate/Database/Schema/Builder->build(Object(Illuminate/Database/Schema/Blueprint))
#5 C:/Users/ASUS/OneDrive/Documents/GitHub/Project/SMA-1-PAMEKASAN/Backend/vendor/laravel/framework/src/Illuminate/Support/Facades/Facade.php(363): Illuminate/Database/Schema/Builder->create('personal_access...', Object(Closure))
#6 C:/Users/ASUS/OneDrive/Documents/GitHub/Project/SMA-1-PAMEKASAN/Backend/database/migrations/2026_03_13_170831_create_personal_access_tokens_table.php(14): Illuminate/Support/Facades/Facade::__callStatic('create', Array)
#7 C:/Users/ASUS/OneDrive/Documents/GitHub/Project/SMA-1-PAMEKASAN/Backend/vendor/laravel/framework/src/Illuminate/Database/Migrations/Migrator.php(517): Illuminate/Database/Migrations/Migration@anonymous->up()
#8 C:/Users/ASUS/OneDrive/Documents/GitHub/Project/SMA-1-PAMEKASAN/Backend/vendor/laravel/framework/src/Illuminate/Database/Migrations/Migrator.php(442): Illuminate/Database/Migrations/Migrator->runMethod(Object(Illuminate/Database/MySqlConnection), Object(Illuminate/Database/Migrations/Migration@anonymous), 'up')
#9 C:/Users/ASUS/OneDrive/Documents/GitHub/Project/SMA-1-PAMEKASAN/Backend/vendor/laravel/framework/src/Illuminate/Database/Migrations/Migrator.php(451): Illuminate/Database/Migrations/Migrator->{closure:Illuminate/Database/Migrations/Migrator::runMigration():438}()
#10 C:/Users/ASUS/OneDrive/Documents/GitHub/Project/SMA-1-PAMEKASAN/Backend/vendor/laravel/framework/src/Illuminate/Database/Migrations/Migrator.php(253): Illuminate/Database/Migrations/Migrator->runMigration(Object(Illuminate/Database/Migrations/Migration@anonymous), 'up')
#11 C:/Users/ASUS/OneDrive/Documents/GitHub/Project/SMA-1-PAMEKASAN/Backend/vendor/laravel/framework/src/Illuminate/Console/View/Components/Task.php(41): Illuminate/Database/Migrations/Migrator->{closure:Illuminate/Database/Migrations/Migrator::runUp():253}()
#12 C:/Users/ASUS/OneDrive/Documents/GitHub/Project/SMA-1-PAMEKASAN/Backend/vendor/laravel/framework/src/Illuminate/Database/Migrations/Migrator.php(814): Illuminate/Console/View/Components/Task->render('2026_03_13_1708...', Object(Closure))
#13 C:/Users/ASUS/OneDrive/Documents/GitHub/Project/SMA-1-PAMEKASAN/Backend/vendor/laravel/framework/src/Illuminate/Database/Migrations/Migrator.php(253): Illuminate/Database/Migrations/Migrator->write('Illuminate//Cons...', '2026_03_13_1708...', Object(Closure))
#14 C:/Users/ASUS/OneDrive/Documents/GitHub/Project/SMA-1-PAMEKASAN/Backend/vendor/laravel/framework/src/Illuminate/Database/Migrations/Migrator.php(211): Illuminate/Database/Migrations/Migrator->runUp('C://Users//ASUS//O...', 2, false)
#15 C:/Users/ASUS/OneDrive/Documents/GitHub/Project/SMA-1-PAMEKASAN/Backend/vendor/laravel/framework/src/Illuminate/Database/Migrations/Migrator.php(138): Illuminate/Database/Migrations/Migrator->runPending(Array, Array)
#16 C:/Users/ASUS/OneDrive/Documents/GitHub/Project/SMA-1-PAMEKASAN/Backend/vendor/laravel/framework/src/Illuminate/Database/Console/Migrations/MigrateCommand.php(116): Illuminate/Database/Migrations/Migrator->run(Array, Array)
#17 C:/Users/ASUS/OneDrive/Documents/GitHub/Project/SMA-1-PAMEKASAN/Backend/vendor/laravel/framework/src/Illuminate/Database/Migrations/Migrator.php(671): Illuminate/Database/Console/Migrations/MigrateCommand->{closure:Illuminate/Database/Console/Migrations/MigrateCommand::runMigrations():109}()
#18 C:/Users/ASUS/OneDrive/Documents/GitHub/Project/SMA-1-PAMEKASAN/Backend/vendor/laravel/framework/src/Illuminate/Database/Console/Migrations/MigrateCommand.php(109): Illuminate/Database/Migrations/Migrator->usingConnection(NULL, Object(Closure))
#19 C:/Users/ASUS/OneDrive/Documents/GitHub/Project/SMA-1-PAMEKASAN/Backend/vendor/laravel/framework/src/Illuminate/Database/Console/Migrations/MigrateCommand.php(88): Illuminate/Database/Console/Migrations/MigrateCommand->runMigrations()
#20 C:/Users/ASUS/OneDrive/Documents/GitHub/Project/SMA-1-PAMEKASAN/Backend/vendor/laravel/framework/src/Illuminate/Container/BoundMethod.php(36): Illuminate/Database/Console/Migrations/MigrateCommand->handle()
#21 C:/Users/ASUS/OneDrive/Documents/GitHub/Project/SMA-1-PAMEKASAN/Backend/vendor/laravel/framework/src/Illuminate/Container/Util.php(43): Illuminate/Container/BoundMethod::{closure:Illuminate/Container/BoundMethod::call():35}()
#22 C:/Users/ASUS/OneDrive/Documents/GitHub/Project/SMA-1-PAMEKASAN/Backend/vendor/laravel/framework/src/Illuminate/Container/BoundMethod.php(96): Illuminate/Container/Util::unwrapIfClosure(Object(Closure))
#23 C:/Users/ASUS/OneDrive/Documents/GitHub/Project/SMA-1-PAMEKASAN/Backend/vendor/laravel/framework/src/Illuminate/Container/BoundMethod.php(35): Illuminate/Container/BoundMethod::callBoundMethod(Object(Illuminate/Foundation/Application), Array, Object(Closure))
#24 C:/Users/ASUS/OneDrive/Documents/GitHub/Project/SMA-1-PAMEKASAN/Backend/vendor/laravel/framework/src/Illuminate/Container/Container.php(799): Illuminate/Container/BoundMethod::call(Object(Illuminate/Foundation/Application), Array, Array, NULL)
#25 C:/Users/ASUS/OneDrive/Documents/GitHub/Project/SMA-1-PAMEKASAN/Backend/vendor/laravel/framework/src/Illuminate/Console/Command.php(211): Illuminate/Container/Container->call(Array)
#26 C:/Users/ASUS/OneDrive/Documents/GitHub/Project/SMA-1-PAMEKASAN/Backend/vendor/symfony/console/Command/Command.php(341): Illuminate/Console/Command->execute(Object(Symfony/Component/Console/Input/ArgvInput), Object(Illuminate/Console/OutputStyle))
#27 C:/Users/ASUS/OneDrive/Documents/GitHub/Project/SMA-1-PAMEKASAN/Backend/vendor/laravel/framework/src/Illuminate/Console/Command.php(180): Symfony/Component/Console/Command/Command->run(Object(Symfony/Component/Console/Input/ArgvInput), Object(Illuminate/Console/OutputStyle))
#28 C:/Users/ASUS/OneDrive/Documents/GitHub/Project/SMA-1-PAMEKASAN/Backend/vendor/symfony/console/Application.php(1117): Illuminate/Console/Command->run(Object(Symfony/Component/Console/Input/ArgvInput), Object(Symfony/Component/Console/Output/ConsoleOutput))
#29 C:/Users/ASUS/OneDrive/Documents/GitHub/Project/SMA-1-PAMEKASAN/Backend/vendor/symfony/console/Application.php(356): Symfony/Component/Console/Application->doRunCommand(Object(Illuminate/Database/Console/Migrations/MigrateCommand), Object(Symfony/Component/Console/Input/ArgvInput), Object(Symfony/Component/Console/Output/ConsoleOutput))
#30 C:/Users/ASUS/OneDrive/Documents/GitHub/Project/SMA-1-PAMEKASAN/Backend/vendor/symfony/console/Application.php(195): Symfony/Component/Console/Application->doRun(Object(Symfony/Component/Console/Input/ArgvInput), Object(Symfony/Component/Console/Output/ConsoleOutput))
#31 C:/Users/ASUS/OneDrive/Documents/GitHub/Project/SMA-1-PAMEKASAN/Backend/vendor/laravel/framework/src/Illuminate/Foundation/Console/Kernel.php(198): Symfony/Component/Console/Application->run(Object(Symfony/Component/Console/Input/ArgvInput), Object(Symfony/Component/Console/Output/ConsoleOutput))
#32 C:/Users/ASUS/OneDrive/Documents/GitHub/Project/SMA-1-PAMEKASAN/Backend/vendor/laravel/framework/src/Illuminate/Foundation/Application.php(1235): Illuminate/Foundation/Console/Kernel->handle(Object(Symfony/Component/Console/Input/ArgvInput), Object(Symfony/Component/Console/Output/ConsoleOutput))
#33 C:/Users/ASUS/OneDrive/Documents/GitHub/Project/SMA-1-PAMEKASAN/Backend/artisan(16): Illuminate/Foundation/Application->handleCommand(Object(Symfony/Component/Console/Input/ArgvInput))
#34 {main}

[previous exception] [object] (PDOException(code: 42S01): SQLSTATE[42S01]: Base table or view already exists: 1050 Table 'personal_access_tokens' already exists at C:/Users/ASUS/OneDrive/Documents/GitHub/Project/SMA-1-PAMEKASAN/Backend/vendor/laravel/framework/src/Illuminate/Database/Connection.php:584)
[stacktrace]
#0 C:/Users/ASUS/OneDrive/Documents/GitHub/Project/SMA-1-PAMEKASAN/Backend/vendor/laravel/framework/src/Illuminate/Database/Connection.php(584): PDOStatement->execute()
#1 C:/Users/ASUS/OneDrive/Documents/GitHub/Project/SMA-1-PAMEKASAN/Backend/vendor/laravel/framework/src/Illuminate/Database/Connection.php(827): Illuminate/Database/Connection->{closure:Illuminate/Database/Connection::statement():573}('create table `p...', Array)
#2 C:/Users/ASUS/OneDrive/Documents/GitHub/Project/SMA-1-PAMEKASAN/Backend/vendor/laravel/framework/src/Illuminate/Database/Connection.php(794): Illuminate/Database/Connection->runQueryCallback('create table `p...', Array, Object(Closure))
#3 C:/Users/ASUS/OneDrive/Documents/GitHub/Project/SMA-1-PAMEKASAN/Backend/vendor/laravel/framework/src/Illuminate/Database/Connection.php(573): Illuminate/Database/Connection->run('create table `p...', Array, Object(Closure))
#4 C:/Users/ASUS/OneDrive/Documents/GitHub/Project/SMA-1-PAMEKASAN/Backend/vendor/laravel/framework/src/Illuminate/Database/Schema/Blueprint.php(121): Illuminate/Database/Connection->statement('create table `p...')
#5 C:/Users/ASUS/OneDrive/Documents/GitHub/Project/SMA-1-PAMEKASAN/Backend/vendor/laravel/framework/src/Illuminate/Database/Schema/Builder.php(686): Illuminate/Database/Schema/Blueprint->build()
#6 C:/Users/ASUS/OneDrive/Documents/GitHub/Project/SMA-1-PAMEKASAN/Backend/vendor/laravel/framework/src/Illuminate/Database/Schema/Builder.php(506): Illuminate/Database/Schema/Builder->build(Object(Illuminate/Database/Schema/Blueprint))
#7 C:/Users/ASUS/OneDrive/Documents/GitHub/Project/SMA-1-PAMEKASAN/Backend/vendor/laravel/framework/src/Illuminate/Support/Facades/Facade.php(363): Illuminate/Database/Schema/Builder->create('personal_access...', Object(Closure))
#8 C:/Users/ASUS/OneDrive/Documents/GitHub/Project/SMA-1-PAMEKASAN/Backend/database/migrations/2026_03_13_170831_create_personal_access_tokens_table.php(14): Illuminate/Support/Facades/Facade::__callStatic('create', Array)
#9 C:/Users/ASUS/OneDrive/Documents/GitHub/Project/SMA-1-PAMEKASAN/Backend/vendor/laravel/framework/src/Illuminate/Database/Migrations/Migrator.php(517): Illuminate/Database/Migrations/Migration@anonymous->up()
#10 C:/Users/ASUS/OneDrive/Documents/GitHub/Project/SMA-1-PAMEKASAN/Backend/vendor/laravel/framework/src/Illuminate/Database/Migrations/Migrator.php(442): Illuminate/Database/Migrations/Migrator->runMethod(Object(Illuminate/Database/MySqlConnection), Object(Illuminate/Database/Migrations/Migration@anonymous), 'up')
#11 C:/Users/ASUS/OneDrive/Documents/GitHub/Project/SMA-1-PAMEKASAN/Backend/vendor/laravel/framework/src/Illuminate/Database/Migrations/Migrator.php(451): Illuminate/Database/Migrations/Migrator->{closure:Illuminate/Database/Migrations/Migrator::runMigration():438}()
#12 C:/Users/ASUS/OneDrive/Documents/GitHub/Project/SMA-1-PAMEKASAN/Backend/vendor/laravel/framework/src/Illuminate/Database/Migrations/Migrator.php(253): Illuminate/Database/Migrations/Migrator->runMigration(Object(Illuminate/Database/Migrations/Migration@anonymous), 'up')
#13 C:/Users/ASUS/OneDrive/Documents/GitHub/Project/SMA-1-PAMEKASAN/Backend/vendor/laravel/framework/src/Illuminate/Console/View/Components/Task.php(41): Illuminate/Database/Migrations/Migrator->{closure:Illuminate/Database/Migrations/Migrator::runUp():253}()
#14 C:/Users/ASUS/OneDrive/Documents/GitHub/Project/SMA-1-PAMEKASAN/Backend/vendor/laravel/framework/src/Illuminate/Database/Migrations/Migrator.php(814): Illuminate/Console/View/Components/Task->render('2026_03_13_1708...', Object(Closure))
#15 C:/Users/ASUS/OneDrive/Documents/GitHub/Project/SMA-1-PAMEKASAN/Backend/vendor/laravel/framework/src/Illuminate/Database/Migrations/Migrator.php(253): Illuminate/Database/Migrations/Migrator->write('Illuminate//Cons...', '2026_03_13_1708...', Object(Closure))
#16 C:/Users/ASUS/OneDrive/Documents/GitHub/Project/SMA-1-PAMEKASAN/Backend/vendor/laravel/framework/src/Illuminate/Database/Migrations/Migrator.php(211): Illuminate/Database/Migrations/Migrator->runUp('C://Users//ASUS//O...', 2, false)
#17 C:/Users/ASUS/OneDrive/Documents/GitHub/Project/SMA-1-PAMEKASAN/Backend/vendor/laravel/framework/src/Illuminate/Database/Migrations/Migrator.php(138): Illuminate/Database/Migrations/Migrator->runPending(Array, Array)
#18 C:/Users/ASUS/OneDrive/Documents/GitHub/Project/SMA-1-PAMEKASAN/Backend/vendor/laravel/framework/src/Illuminate/Database/Console/Migrations/MigrateCommand.php(116): Illuminate/Database/Migrations/Migrator->run(Array, Array)
#19 C:/Users/ASUS/OneDrive/Documents/GitHub/Project/SMA-1-PAMEKASAN/Backend/vendor/laravel/framework/src/Illuminate/Database/Migrations/Migrator.php(671): Illuminate/Database/Console/Migrations/MigrateCommand->{closure:Illuminate/Database/Console/Migrations/MigrateCommand::runMigrations():109}()
#20 C:/Users/ASUS/OneDrive/Documents/GitHub/Project/SMA-1-PAMEKASAN/Backend/vendor/laravel/framework/src/Illuminate/Database/Console/Migrations/MigrateCommand.php(109): Illuminate/Database/Migrations/Migrator->usingConnection(NULL, Object(Closure))
#21 C:/Users/ASUS/OneDrive/Documents/GitHub/Project/SMA-1-PAMEKASAN/Backend/vendor/laravel/framework/src/Illuminate/Database/Console/Migrations/MigrateCommand.php(88): Illuminate/Database/Console/Migrations/MigrateCommand->runMigrations()
#22 C:/Users/ASUS/OneDrive/Documents/GitHub/Project/SMA-1-PAMEKASAN/Backend/vendor/laravel/framework/src/Illuminate/Container/BoundMethod.php(36): Illuminate/Database/Console/Migrations/MigrateCommand->handle()
#23 C:/Users/ASUS/OneDrive/Documents/GitHub/Project/SMA-1-PAMEKASAN/Backend/vendor/laravel/framework/src/Illuminate/Container/Util.php(43): Illuminate/Container/BoundMethod::{closure:Illuminate/Container/BoundMethod::call():35}()
#24 C:/Users/ASUS/OneDrive/Documents/GitHub/Project/SMA-1-PAMEKASAN/Backend/vendor/laravel/framework/src/Illuminate/Container/BoundMethod.php(96): Illuminate/Container/Util::unwrapIfClosure(Object(Closure))
#25 C:/Users/ASUS/OneDrive/Documents/GitHub/Project/SMA-1-PAMEKASAN/Backend/vendor/laravel/framework/src/Illuminate/Container/BoundMethod.php(35): Illuminate/Container/BoundMethod::callBoundMethod(Object(Illuminate/Foundation/Application), Array, Object(Closure))
#26 C:/Users/ASUS/OneDrive/Documents/GitHub/Project/SMA-1-PAMEKASAN/Backend/vendor/laravel/framework/src/Illuminate/Container/Container.php(799): Illuminate/Container/BoundMethod::call(Object(Illuminate/Foundation/Application), Array, Array, NULL)
#27 C:/Users/ASUS/OneDrive/Documents/GitHub/Project/SMA-1-PAMEKASAN/Backend/vendor/laravel/framework/src/Illuminate/Console/Command.php(211): Illuminate/Container/Container->call(Array)
#28 C:/Users/ASUS/OneDrive/Documents/GitHub/Project/SMA-1-PAMEKASAN/Backend/vendor/symfony/console/Command/Command.php(341): Illuminate/Console/Command->execute(Object(Symfony/Component/Console/Input/ArgvInput), Object(Illuminate/Console/OutputStyle))
#29 C:/Users/ASUS/OneDrive/Documents/GitHub/Project/SMA-1-PAMEKASAN/Backend/vendor/laravel/framework/src/Illuminate/Console/Command.php(180): Symfony/Component/Console/Command/Command->run(Object(Symfony/Component/Console/Input/ArgvInput), Object(Illuminate/Console/OutputStyle))
#30 C:/Users/ASUS/OneDrive/Documents/GitHub/Project/SMA-1-PAMEKASAN/Backend/vendor/symfony/console/Application.php(1117): Illuminate/Console/Command->run(Object(Symfony/Component/Console/Input/ArgvInput), Object(Symfony/Component/Console/Output/ConsoleOutput))
#31 C:/Users/ASUS/OneDrive/Documents/GitHub/Project/SMA-1-PAMEKASAN/Backend/vendor/symfony/console/Application.php(356): Symfony/Component/Console/Application->doRunCommand(Object(Illuminate/Database/Console/Migrations/MigrateCommand), Object(Symfony/Component/Console/Input/ArgvInput), Object(Symfony/Component/Console/Output/ConsoleOutput))
#32 C:/Users/ASUS/OneDrive/Documents/GitHub/Project/SMA-1-PAMEKASAN/Backend/vendor/symfony/console/Application.php(195): Symfony/Component/Console/Application->doRun(Object(Symfony/Component/Console/Input/ArgvInput), Object(Symfony/Component/Console/Output/ConsoleOutput))
#33 C:/Users/ASUS/OneDrive/Documents/GitHub/Project/SMA-1-PAMEKASAN/Backend/vendor/laravel/framework/src/Illuminate/Foundation/Console/Kernel.php(198): Symfony/Component/Console/Application->run(Object(Symfony/Component/Console/Input/ArgvInput), Object(Symfony/Component/Console/Output/ConsoleOutput))
#34 C:/Users/ASUS/OneDrive/Documents/GitHub/Project/SMA-1-PAMEKASAN/Backend/vendor/laravel/framework/src/Illuminate/Foundation/Application.php(1235): Illuminate/Foundation/Console/Kernel->handle(Object(Symfony/Component/Console/Input/ArgvInput), Object(Symfony/Component/Console/Output/ConsoleOutput))
#35 C:/Users/ASUS/OneDrive/Documents/GitHub/Project/SMA-1-PAMEKASAN/Backend/artisan(16): Illuminate/Foundation/Application->handleCommand(Object(Symfony/Component/Console/Input/ArgvInput))
#36 {main}
"} 
[2026-03-13 17:11:25] local.ERROR: SQLSTATE[42S01]: Base table or view already exists: 1050 Table 'personal_access_tokens' already exists (Connection: mysql, Host: 127.0.0.1, Port: 3306, Database: laravel, SQL: create table `personal_access_tokens` (`id` bigint unsigned not null auto_increment primary key, `tokenable_type` varchar(255) not null, `tokenable_id` bigint unsigned not null, `name` text not null, `token` varchar(64) not null, `abilities` text null, `last_used_at` timestamp null, `expires_at` timestamp null, `created_at` timestamp null, `updated_at` timestamp null) default character set utf8mb4 collate 'utf8mb4_unicode_ci') {"exception":"[object] (Illuminate\\Database\\QueryException(code: 42S01): SQLSTATE[42S01]: Base table or view already exists: 1050 Table 'personal_access_tokens' already exists (Connection: mysql, Host: 127.0.0.1, Port: 3306, Database: laravel, SQL: create table `personal_access_tokens` (`id` bigint unsigned not null auto_increment primary key, `tokenable_type` varchar(255) not null, `tokenable_id` bigint unsigned not null, `name` text not null, `token` varchar(64) not null, `abilities` text null, `last_used_at` timestamp null, `expires_at` timestamp null, `created_at` timestamp null, `updated_at` timestamp null) default character set utf8mb4 collate 'utf8mb4_unicode_ci') at C:/Users/ASUS/OneDrive/Documents/GitHub/Project/SMA-1-PAMEKASAN/Backend/vendor/laravel/framework/src/Illuminate/Database/Connection.php:838)
[stacktrace]
#0 C:/Users/ASUS/OneDrive/Documents/GitHub/Project/SMA-1-PAMEKASAN/Backend/vendor/laravel/framework/src/Illuminate/Database/Connection.php(794): Illuminate/Database/Connection->runQueryCallback('create table `p...', Array, Object(Closure))
#1 C:/Users/ASUS/OneDrive/Documents/GitHub/Project/SMA-1-PAMEKASAN/Backend/vendor/laravel/framework/src/Illuminate/Database/Connection.php(573): Illuminate/Database/Connection->run('create table `p...', Array, Object(Closure))
#2 C:/Users/ASUS/OneDrive/Documents/GitHub/Project/SMA-1-PAMEKASAN/Backend/vendor/laravel/framework/src/Illuminate/Database/Schema/Blueprint.php(121): Illuminate/Database/Connection->statement('create table `p...')
#3 C:/Users/ASUS/OneDrive/Documents/GitHub/Project/SMA-1-PAMEKASAN/Backend/vendor/laravel/framework/src/Illuminate/Database/Schema/Builder.php(686): Illuminate/Database/Schema/Blueprint->build()
#4 C:/Users/ASUS/OneDrive/Documents/GitHub/Project/SMA-1-PAMEKASAN/Backend/vendor/laravel/framework/src/Illuminate/Database/Schema/Builder.php(506): Illuminate/Database/Schema/Builder->build(Object(Illuminate/Database/Schema/Blueprint))
#5 C:/Users/ASUS/OneDrive/Documents/GitHub/Project/SMA-1-PAMEKASAN/Backend/vendor/laravel/framework/src/Illuminate/Support/Facades/Facade.php(363): Illuminate/Database/Schema/Builder->create('personal_access...', Object(Closure))
#6 C:/Users/ASUS/OneDrive/Documents/GitHub/Project/SMA-1-PAMEKASAN/Backend/database/migrations/2026_03_13_170831_create_personal_access_tokens_table.php(14): Illuminate/Support/Facades/Facade::__callStatic('create', Array)
#7 C:/Users/ASUS/OneDrive/Documents/GitHub/Project/SMA-1-PAMEKASAN/Backend/vendor/laravel/framework/src/Illuminate/Database/Migrations/Migrator.php(517): Illuminate/Database/Migrations/Migration@anonymous->up()
#8 C:/Users/ASUS/OneDrive/Documents/GitHub/Project/SMA-1-PAMEKASAN/Backend/vendor/laravel/framework/src/Illuminate/Database/Migrations/Migrator.php(442): Illuminate/Database/Migrations/Migrator->runMethod(Object(Illuminate/Database/MySqlConnection), Object(Illuminate/Database/Migrations/Migration@anonymous), 'up')
#9 C:/Users/ASUS/OneDrive/Documents/GitHub/Project/SMA-1-PAMEKASAN/Backend/vendor/laravel/framework/src/Illuminate/Database/Migrations/Migrator.php(451): Illuminate/Database/Migrations/Migrator->{closure:Illuminate/Database/Migrations/Migrator::runMigration():438}()
#10 C:/Users/ASUS/OneDrive/Documents/GitHub/Project/SMA-1-PAMEKASAN/Backend/vendor/laravel/framework/src/Illuminate/Database/Migrations/Migrator.php(253): Illuminate/Database/Migrations/Migrator->runMigration(Object(Illuminate/Database/Migrations/Migration@anonymous), 'up')
#11 C:/Users/ASUS/OneDrive/Documents/GitHub/Project/SMA-1-PAMEKASAN/Backend/vendor/laravel/framework/src/Illuminate/Console/View/Components/Task.php(41): Illuminate/Database/Migrations/Migrator->{closure:Illuminate/Database/Migrations/Migrator::runUp():253}()
#12 C:/Users/ASUS/OneDrive/Documents/GitHub/Project/SMA-1-PAMEKASAN/Backend/vendor/laravel/framework/src/Illuminate/Database/Migrations/Migrator.php(814): Illuminate/Console/View/Components/Task->render('2026_03_13_1708...', Object(Closure))
#13 C:/Users/ASUS/OneDrive/Documents/GitHub/Project/SMA-1-PAMEKASAN/Backend/vendor/laravel/framework/src/Illuminate/Database/Migrations/Migrator.php(253): Illuminate/Database/Migrations/Migrator->write('Illuminate//Cons...', '2026_03_13_1708...', Object(Closure))
#14 C:/Users/ASUS/OneDrive/Documents/GitHub/Project/SMA-1-PAMEKASAN/Backend/vendor/laravel/framework/src/Illuminate/Database/Migrations/Migrator.php(211): Illuminate/Database/Migrations/Migrator->runUp('C://Users//ASUS//O...', 1, false)
#15 C:/Users/ASUS/OneDrive/Documents/GitHub/Project/SMA-1-PAMEKASAN/Backend/vendor/laravel/framework/src/Illuminate/Database/Migrations/Migrator.php(138): Illuminate/Database/Migrations/Migrator->runPending(Array, Array)
#16 C:/Users/ASUS/OneDrive/Documents/GitHub/Project/SMA-1-PAMEKASAN/Backend/vendor/laravel/framework/src/Illuminate/Database/Console/Migrations/MigrateCommand.php(116): Illuminate/Database/Migrations/Migrator->run(Array, Array)
#17 C:/Users/ASUS/OneDrive/Documents/GitHub/Project/SMA-1-PAMEKASAN/Backend/vendor/laravel/framework/src/Illuminate/Database/Migrations/Migrator.php(671): Illuminate/Database/Console/Migrations/MigrateCommand->{closure:Illuminate/Database/Console/Migrations/MigrateCommand::runMigrations():109}()
#18 C:/Users/ASUS/OneDrive/Documents/GitHub/Project/SMA-1-PAMEKASAN/Backend/vendor/laravel/framework/src/Illuminate/Database/Console/Migrations/MigrateCommand.php(109): Illuminate/Database/Migrations/Migrator->usingConnection(NULL, Object(Closure))
#19 C:/Users/ASUS/OneDrive/Documents/GitHub/Project/SMA-1-PAMEKASAN/Backend/vendor/laravel/framework/src/Illuminate/Database/Console/Migrations/MigrateCommand.php(88): Illuminate/Database/Console/Migrations/MigrateCommand->runMigrations()
#20 C:/Users/ASUS/OneDrive/Documents/GitHub/Project/SMA-1-PAMEKASAN/Backend/vendor/laravel/framework/src/Illuminate/Container/BoundMethod.php(36): Illuminate/Database/Console/Migrations/MigrateCommand->handle()
#21 C:/Users/ASUS/OneDrive/Documents/GitHub/Project/SMA-1-PAMEKASAN/Backend/vendor/laravel/framework/src/Illuminate/Container/Util.php(43): Illuminate/Container/BoundMethod::{closure:Illuminate/Container/BoundMethod::call():35}()
#22 C:/Users/ASUS/OneDrive/Documents/GitHub/Project/SMA-1-PAMEKASAN/Backend/vendor/laravel/framework/src/Illuminate/Container/BoundMethod.php(96): Illuminate/Container/Util::unwrapIfClosure(Object(Closure))
#23 C:/Users/ASUS/OneDrive/Documents/GitHub/Project/SMA-1-PAMEKASAN/Backend/vendor/laravel/framework/src/Illuminate/Container/BoundMethod.php(35): Illuminate/Container/BoundMethod::callBoundMethod(Object(Illuminate/Foundation/Application), Array, Object(Closure))
#24 C:/Users/ASUS/OneDrive/Documents/GitHub/Project/SMA-1-PAMEKASAN/Backend/vendor/laravel/framework/src/Illuminate/Container/Container.php(799): Illuminate/Container/BoundMethod::call(Object(Illuminate/Foundation/Application), Array, Array, NULL)
#25 C:/Users/ASUS/OneDrive/Documents/GitHub/Project/SMA-1-PAMEKASAN/Backend/vendor/laravel/framework/src/Illuminate/Console/Command.php(211): Illuminate/Container/Container->call(Array)
#26 C:/Users/ASUS/OneDrive/Documents/GitHub/Project/SMA-1-PAMEKASAN/Backend/vendor/symfony/console/Command/Command.php(341): Illuminate/Console/Command->execute(Object(Symfony/Component/Console/Input/ArrayInput), Object(Illuminate/Console/OutputStyle))
#27 C:/Users/ASUS/OneDrive/Documents/GitHub/Project/SMA-1-PAMEKASAN/Backend/vendor/laravel/framework/src/Illuminate/Console/Command.php(180): Symfony/Component/Console/Command/Command->run(Object(Symfony/Component/Console/Input/ArrayInput), Object(Illuminate/Console/OutputStyle))
#28 C:/Users/ASUS/OneDrive/Documents/GitHub/Project/SMA-1-PAMEKASAN/Backend/vendor/laravel/framework/src/Illuminate/Console/Concerns/CallsCommands.php(68): Illuminate/Console/Command->run(Object(Symfony/Component/Console/Input/ArrayInput), Object(Illuminate/Console/OutputStyle))
#29 C:/Users/ASUS/OneDrive/Documents/GitHub/Project/SMA-1-PAMEKASAN/Backend/vendor/laravel/framework/src/Illuminate/Console/Concerns/CallsCommands.php(29): Illuminate/Console/Command->runCommand('migrate', Array, Object(Illuminate/Console/OutputStyle))
#30 C:/Users/ASUS/OneDrive/Documents/GitHub/Project/SMA-1-PAMEKASAN/Backend/vendor/laravel/framework/src/Illuminate/Database/Console/Migrations/FreshCommand.php(88): Illuminate/Console/Command->call('migrate', Array)
#31 C:/Users/ASUS/OneDrive/Documents/GitHub/Project/SMA-1-PAMEKASAN/Backend/vendor/laravel/framework/src/Illuminate/Container/BoundMethod.php(36): Illuminate/Database/Console/Migrations/FreshCommand->handle()
#32 C:/Users/ASUS/OneDrive/Documents/GitHub/Project/SMA-1-PAMEKASAN/Backend/vendor/laravel/framework/src/Illuminate/Container/Util.php(43): Illuminate/Container/BoundMethod::{closure:Illuminate/Container/BoundMethod::call():35}()
#33 C:/Users/ASUS/OneDrive/Documents/GitHub/Project/SMA-1-PAMEKASAN/Backend/vendor/laravel/framework/src/Illuminate/Container/BoundMethod.php(96): Illuminate/Container/Util::unwrapIfClosure(Object(Closure))
#34 C:/Users/ASUS/OneDrive/Documents/GitHub/Project/SMA-1-PAMEKASAN/Backend/vendor/laravel/framework/src/Illuminate/Container/BoundMethod.php(35): Illuminate/Container/BoundMethod::callBoundMethod(Object(Illuminate/Foundation/Application), Array, Object(Closure))
#35 C:/Users/ASUS/OneDrive/Documents/GitHub/Project/SMA-1-PAMEKASAN/Backend/vendor/laravel/framework/src/Illuminate/Container/Container.php(799): Illuminate/Container/BoundMethod::call(Object(Illuminate/Foundation/Application), Array, Array, NULL)
#36 C:/Users/ASUS/OneDrive/Documents/GitHub/Project/SMA-1-PAMEKASAN/Backend/vendor/laravel/framework/src/Illuminate/Console/Command.php(211): Illuminate/Container/Container->call(Array)
#37 C:/Users/ASUS/OneDrive/Documents/GitHub/Project/SMA-1-PAMEKASAN/Backend/vendor/symfony/console/Command/Command.php(341): Illuminate/Console/Command->execute(Object(Symfony/Component/Console/Input/ArgvInput), Object(Illuminate/Console/OutputStyle))
#38 C:/Users/ASUS/OneDrive/Documents/GitHub/Project/SMA-1-PAMEKASAN/Backend/vendor/laravel/framework/src/Illuminate/Console/Command.php(180): Symfony/Component/Console/Command/Command->run(Object(Symfony/Component/Console/Input/ArgvInput), Object(Illuminate/Console/OutputStyle))
#39 C:/Users/ASUS/OneDrive/Documents/GitHub/Project/SMA-1-PAMEKASAN/Backend/vendor/symfony/console/Application.php(1117): Illuminate/Console/Command->run(Object(Symfony/Component/Console/Input/ArgvInput), Object(Symfony/Component/Console/Output/ConsoleOutput))
#40 C:/Users/ASUS/OneDrive/Documents/GitHub/Project/SMA-1-PAMEKASAN/Backend/vendor/symfony/console/Application.php(356): Symfony/Component/Console/Application->doRunCommand(Object(Illuminate/Database/Console/Migrations/FreshCommand), Object(Symfony/Component/Console/Input/ArgvInput), Object(Symfony/Component/Console/Output/ConsoleOutput))
#41 C:/Users/ASUS/OneDrive/Documents/GitHub/Project/SMA-1-PAMEKASAN/Backend/vendor/symfony/console/Application.php(195): Symfony/Component/Console/Application->doRun(Object(Symfony/Component/Console/Input/ArgvInput), Object(Symfony/Component/Console/Output/ConsoleOutput))
#42 C:/Users/ASUS/OneDrive/Documents/GitHub/Project/SMA-1-PAMEKASAN/Backend/vendor/laravel/framework/src/Illuminate/Foundation/Console/Kernel.php(198): Symfony/Component/Console/Application->run(Object(Symfony/Component/Console/Input/ArgvInput), Object(Symfony/Component/Console/Output/ConsoleOutput))
#43 C:/Users/ASUS/OneDrive/Documents/GitHub/Project/SMA-1-PAMEKASAN/Backend/vendor/laravel/framework/src/Illuminate/Foundation/Application.php(1235): Illuminate/Foundation/Console/Kernel->handle(Object(Symfony/Component/Console/Input/ArgvInput), Object(Symfony/Component/Console/Output/ConsoleOutput))
#44 C:/Users/ASUS/OneDrive/Documents/GitHub/Project/SMA-1-PAMEKASAN/Backend/artisan(16): Illuminate/Foundation/Application->handleCommand(Object(Symfony/Component/Console/Input/ArgvInput))
#45 {main}

[previous exception] [object] (PDOException(code: 42S01): SQLSTATE[42S01]: Base table or view already exists: 1050 Table 'personal_access_tokens' already exists at C:/Users/ASUS/OneDrive/Documents/GitHub/Project/SMA-1-PAMEKASAN/Backend/vendor/laravel/framework/src/Illuminate/Database/Connection.php:584)
[stacktrace]
#0 C:/Users/ASUS/OneDrive/Documents/GitHub/Project/SMA-1-PAMEKASAN/Backend/vendor/laravel/framework/src/Illuminate/Database/Connection.php(584): PDOStatement->execute()
#1 C:/Users/ASUS/OneDrive/Documents/GitHub/Project/SMA-1-PAMEKASAN/Backend/vendor/laravel/framework/src/Illuminate/Database/Connection.php(827): Illuminate/Database/Connection->{closure:Illuminate/Database/Connection::statement():573}('create table `p...', Array)
#2 C:/Users/ASUS/OneDrive/Documents/GitHub/Project/SMA-1-PAMEKASAN/Backend/vendor/laravel/framework/src/Illuminate/Database/Connection.php(794): Illuminate/Database/Connection->runQueryCallback('create table `p...', Array, Object(Closure))
#3 C:/Users/ASUS/OneDrive/Documents/GitHub/Project/SMA-1-PAMEKASAN/Backend/vendor/laravel/framework/src/Illuminate/Database/Connection.php(573): Illuminate/Database/Connection->run('create table `p...', Array, Object(Closure))
#4 C:/Users/ASUS/OneDrive/Documents/GitHub/Project/SMA-1-PAMEKASAN/Backend/vendor/laravel/framework/src/Illuminate/Database/Schema/Blueprint.php(121): Illuminate/Database/Connection->statement('create table `p...')
#5 C:/Users/ASUS/OneDrive/Documents/GitHub/Project/SMA-1-PAMEKASAN/Backend/vendor/laravel/framework/src/Illuminate/Database/Schema/Builder.php(686): Illuminate/Database/Schema/Blueprint->build()
#6 C:/Users/ASUS/OneDrive/Documents/GitHub/Project/SMA-1-PAMEKASAN/Backend/vendor/laravel/framework/src/Illuminate/Database/Schema/Builder.php(506): Illuminate/Database/Schema/Builder->build(Object(Illuminate/Database/Schema/Blueprint))
#7 C:/Users/ASUS/OneDrive/Documents/GitHub/Project/SMA-1-PAMEKASAN/Backend/vendor/laravel/framework/src/Illuminate/Support/Facades/Facade.php(363): Illuminate/Database/Schema/Builder->create('personal_access...', Object(Closure))
#8 C:/Users/ASUS/OneDrive/Documents/GitHub/Project/SMA-1-PAMEKASAN/Backend/database/migrations/2026_03_13_170831_create_personal_access_tokens_table.php(14): Illuminate/Support/Facades/Facade::__callStatic('create', Array)
#9 C:/Users/ASUS/OneDrive/Documents/GitHub/Project/SMA-1-PAMEKASAN/Backend/vendor/laravel/framework/src/Illuminate/Database/Migrations/Migrator.php(517): Illuminate/Database/Migrations/Migration@anonymous->up()
#10 C:/Users/ASUS/OneDrive/Documents/GitHub/Project/SMA-1-PAMEKASAN/Backend/vendor/laravel/framework/src/Illuminate/Database/Migrations/Migrator.php(442): Illuminate/Database/Migrations/Migrator->runMethod(Object(Illuminate/Database/MySqlConnection), Object(Illuminate/Database/Migrations/Migration@anonymous), 'up')
#11 C:/Users/ASUS/OneDrive/Documents/GitHub/Project/SMA-1-PAMEKASAN/Backend/vendor/laravel/framework/src/Illuminate/Database/Migrations/Migrator.php(451): Illuminate/Database/Migrations/Migrator->{closure:Illuminate/Database/Migrations/Migrator::runMigration():438}()
#12 C:/Users/ASUS/OneDrive/Documents/GitHub/Project/SMA-1-PAMEKASAN/Backend/vendor/laravel/framework/src/Illuminate/Database/Migrations/Migrator.php(253): Illuminate/Database/Migrations/Migrator->runMigration(Object(Illuminate/Database/Migrations/Migration@anonymous), 'up')
#13 C:/Users/ASUS/OneDrive/Documents/GitHub/Project/SMA-1-PAMEKASAN/Backend/vendor/laravel/framework/src/Illuminate/Console/View/Components/Task.php(41): Illuminate/Database/Migrations/Migrator->{closure:Illuminate/Database/Migrations/Migrator::runUp():253}()
#14 C:/Users/ASUS/OneDrive/Documents/GitHub/Project/SMA-1-PAMEKASAN/Backend/vendor/laravel/framework/src/Illuminate/Database/Migrations/Migrator.php(814): Illuminate/Console/View/Components/Task->render('2026_03_13_1708...', Object(Closure))
#15 C:/Users/ASUS/OneDrive/Documents/GitHub/Project/SMA-1-PAMEKASAN/Backend/vendor/laravel/framework/src/Illuminate/Database/Migrations/Migrator.php(253): Illuminate/Database/Migrations/Migrator->write('Illuminate//Cons...', '2026_03_13_1708...', Object(Closure))
#16 C:/Users/ASUS/OneDrive/Documents/GitHub/Project/SMA-1-PAMEKASAN/Backend/vendor/laravel/framework/src/Illuminate/Database/Migrations/Migrator.php(211): Illuminate/Database/Migrations/Migrator->runUp('C://Users//ASUS//O...', 1, false)
#17 C:/Users/ASUS/OneDrive/Documents/GitHub/Project/SMA-1-PAMEKASAN/Backend/vendor/laravel/framework/src/Illuminate/Database/Migrations/Migrator.php(138): Illuminate/Database/Migrations/Migrator->runPending(Array, Array)
#18 C:/Users/ASUS/OneDrive/Documents/GitHub/Project/SMA-1-PAMEKASAN/Backend/vendor/laravel/framework/src/Illuminate/Database/Console/Migrations/MigrateCommand.php(116): Illuminate/Database/Migrations/Migrator->run(Array, Array)
#19 C:/Users/ASUS/OneDrive/Documents/GitHub/Project/SMA-1-PAMEKASAN/Backend/vendor/laravel/framework/src/Illuminate/Database/Migrations/Migrator.php(671): Illuminate/Database/Console/Migrations/MigrateCommand->{closure:Illuminate/Database/Console/Migrations/MigrateCommand::runMigrations():109}()
#20 C:/Users/ASUS/OneDrive/Documents/GitHub/Project/SMA-1-PAMEKASAN/Backend/vendor/laravel/framework/src/Illuminate/Database/Console/Migrations/MigrateCommand.php(109): Illuminate/Database/Migrations/Migrator->usingConnection(NULL, Object(Closure))
#21 C:/Users/ASUS/OneDrive/Documents/GitHub/Project/SMA-1-PAMEKASAN/Backend/vendor/laravel/framework/src/Illuminate/Database/Console/Migrations/MigrateCommand.php(88): Illuminate/Database/Console/Migrations/MigrateCommand->runMigrations()
#22 C:/Users/ASUS/OneDrive/Documents/GitHub/Project/SMA-1-PAMEKASAN/Backend/vendor/laravel/framework/src/Illuminate/Container/BoundMethod.php(36): Illuminate/Database/Console/Migrations/MigrateCommand->handle()
#23 C:/Users/ASUS/OneDrive/Documents/GitHub/Project/SMA-1-PAMEKASAN/Backend/vendor/laravel/framework/src/Illuminate/Container/Util.php(43): Illuminate/Container/BoundMethod::{closure:Illuminate/Container/BoundMethod::call():35}()
#24 C:/Users/ASUS/OneDrive/Documents/GitHub/Project/SMA-1-PAMEKASAN/Backend/vendor/laravel/framework/src/Illuminate/Container/BoundMethod.php(96): Illuminate/Container/Util::unwrapIfClosure(Object(Closure))
#25 C:/Users/ASUS/OneDrive/Documents/GitHub/Project/SMA-1-PAMEKASAN/Backend/vendor/laravel/framework/src/Illuminate/Container/BoundMethod.php(35): Illuminate/Container/BoundMethod::callBoundMethod(Object(Illuminate/Foundation/Application), Array, Object(Closure))
#26 C:/Users/ASUS/OneDrive/Documents/GitHub/Project/SMA-1-PAMEKASAN/Backend/vendor/laravel/framework/src/Illuminate/Container/Container.php(799): Illuminate/Container/BoundMethod::call(Object(Illuminate/Foundation/Application), Array, Array, NULL)
#27 C:/Users/ASUS/OneDrive/Documents/GitHub/Project/SMA-1-PAMEKASAN/Backend/vendor/laravel/framework/src/Illuminate/Console/Command.php(211): Illuminate/Container/Container->call(Array)
#28 C:/Users/ASUS/OneDrive/Documents/GitHub/Project/SMA-1-PAMEKASAN/Backend/vendor/symfony/console/Command/Command.php(341): Illuminate/Console/Command->execute(Object(Symfony/Component/Console/Input/ArrayInput), Object(Illuminate/Console/OutputStyle))
#29 C:/Users/ASUS/OneDrive/Documents/GitHub/Project/SMA-1-PAMEKASAN/Backend/vendor/laravel/framework/src/Illuminate/Console/Command.php(180): Symfony/Component/Console/Command/Command->run(Object(Symfony/Component/Console/Input/ArrayInput), Object(Illuminate/Console/OutputStyle))
#30 C:/Users/ASUS/OneDrive/Documents/GitHub/Project/SMA-1-PAMEKASAN/Backend/vendor/laravel/framework/src/Illuminate/Console/Concerns/CallsCommands.php(68): Illuminate/Console/Command->run(Object(Symfony/Component/Console/Input/ArrayInput), Object(Illuminate/Console/OutputStyle))
#31 C:/Users/ASUS/OneDrive/Documents/GitHub/Project/SMA-1-PAMEKASAN/Backend/vendor/laravel/framework/src/Illuminate/Console/Concerns/CallsCommands.php(29): Illuminate/Console/Command->runCommand('migrate', Array, Object(Illuminate/Console/OutputStyle))
#32 C:/Users/ASUS/OneDrive/Documents/GitHub/Project/SMA-1-PAMEKASAN/Backend/vendor/laravel/framework/src/Illuminate/Database/Console/Migrations/FreshCommand.php(88): Illuminate/Console/Command->call('migrate', Array)
#33 C:/Users/ASUS/OneDrive/Documents/GitHub/Project/SMA-1-PAMEKASAN/Backend/vendor/laravel/framework/src/Illuminate/Container/BoundMethod.php(36): Illuminate/Database/Console/Migrations/FreshCommand->handle()
#34 C:/Users/ASUS/OneDrive/Documents/GitHub/Project/SMA-1-PAMEKASAN/Backend/vendor/laravel/framework/src/Illuminate/Container/Util.php(43): Illuminate/Container/BoundMethod::{closure:Illuminate/Container/BoundMethod::call():35}()
#35 C:/Users/ASUS/OneDrive/Documents/GitHub/Project/SMA-1-PAMEKASAN/Backend/vendor/laravel/framework/src/Illuminate/Container/BoundMethod.php(96): Illuminate/Container/Util::unwrapIfClosure(Object(Closure))
#36 C:/Users/ASUS/OneDrive/Documents/GitHub/Project/SMA-1-PAMEKASAN/Backend/vendor/laravel/framework/src/Illuminate/Container/BoundMethod.php(35): Illuminate/Container/BoundMethod::callBoundMethod(Object(Illuminate/Foundation/Application), Array, Object(Closure))
#37 C:/Users/ASUS/OneDrive/Documents/GitHub/Project/SMA-1-PAMEKASAN/Backend/vendor/laravel/framework/src/Illuminate/Container/Container.php(799): Illuminate/Container/BoundMethod::call(Object(Illuminate/Foundation/Application), Array, Array, NULL)
#38 C:/Users/ASUS/OneDrive/Documents/GitHub/Project/SMA-1-PAMEKASAN/Backend/vendor/laravel/framework/src/Illuminate/Console/Command.php(211): Illuminate/Container/Container->call(Array)
#39 C:/Users/ASUS/OneDrive/Documents/GitHub/Project/SMA-1-PAMEKASAN/Backend/vendor/symfony/console/Command/Command.php(341): Illuminate/Console/Command->execute(Object(Symfony/Component/Console/Input/ArgvInput), Object(Illuminate/Console/OutputStyle))
#40 C:/Users/ASUS/OneDrive/Documents/GitHub/Project/SMA-1-PAMEKASAN/Backend/vendor/laravel/framework/src/Illuminate/Console/Command.php(180): Symfony/Component/Console/Command/Command->run(Object(Symfony/Component/Console/Input/ArgvInput), Object(Illuminate/Console/OutputStyle))
#41 C:/Users/ASUS/OneDrive/Documents/GitHub/Project/SMA-1-PAMEKASAN/Backend/vendor/symfony/console/Application.php(1117): Illuminate/Console/Command->run(Object(Symfony/Component/Console/Input/ArgvInput), Object(Symfony/Component/Console/Output/ConsoleOutput))
#42 C:/Users/ASUS/OneDrive/Documents/GitHub/Project/SMA-1-PAMEKASAN/Backend/vendor/symfony/console/Application.php(356): Symfony/Component/Console/Application->doRunCommand(Object(Illuminate/Database/Console/Migrations/FreshCommand), Object(Symfony/Component/Console/Input/ArgvInput), Object(Symfony/Component/Console/Output/ConsoleOutput))
#43 C:/Users/ASUS/OneDrive/Documents/GitHub/Project/SMA-1-PAMEKASAN/Backend/vendor/symfony/console/Application.php(195): Symfony/Component/Console/Application->doRun(Object(Symfony/Component/Console/Input/ArgvInput), Object(Symfony/Component/Console/Output/ConsoleOutput))
#44 C:/Users/ASUS/OneDrive/Documents/GitHub/Project/SMA-1-PAMEKASAN/Backend/vendor/laravel/framework/src/Illuminate/Foundation/Console/Kernel.php(198): Symfony/Component/Console/Application->run(Object(Symfony/Component/Console/Input/ArgvInput), Object(Symfony/Component/Console/Output/ConsoleOutput))
#45 C:/Users/ASUS/OneDrive/Documents/GitHub/Project/SMA-1-PAMEKASAN/Backend/vendor/laravel/framework/src/Illuminate/Foundation/Application.php(1235): Illuminate/Foundation/Console/Kernel->handle(Object(Symfony/Component/Console/Input/ArgvInput), Object(Symfony/Component/Console/Output/ConsoleOutput))
#46 C:/Users/ASUS/OneDrive/Documents/GitHub/Project/SMA-1-PAMEKASAN/Backend/artisan(16): Illuminate/Foundation/Application->handleCommand(Object(Symfony/Component/Console/Input/ArgvInput))
#47 {main}
"} 
[2026-03-13 17:17:03] local.ERROR: SQLSTATE[42S01]: Base table or view already exists: 1050 Table 'personal_access_tokens' already exists (Connection: mysql, Host: 127.0.0.1, Port: 3306, Database: laravel, SQL: create table `personal_access_tokens` (`id` bigint unsigned not null auto_increment primary key, `tokenable_type` varchar(255) not null, `tokenable_id` bigint unsigned not null, `name` text not null, `token` varchar(64) not null, `abilities` text null, `last_used_at` timestamp null, `expires_at` timestamp null, `created_at` timestamp null, `updated_at` timestamp null) default character set utf8mb4 collate 'utf8mb4_unicode_ci') {"exception":"[object] (Illuminate\\Database\\QueryException(code: 42S01): SQLSTATE[42S01]: Base table or view already exists: 1050 Table 'personal_access_tokens' already exists (Connection: mysql, Host: 127.0.0.1, Port: 3306, Database: laravel, SQL: create table `personal_access_tokens` (`id` bigint unsigned not null auto_increment primary key, `tokenable_type` varchar(255) not null, `tokenable_id` bigint unsigned not null, `name` text not null, `token` varchar(64) not null, `abilities` text null, `last_used_at` timestamp null, `expires_at` timestamp null, `created_at` timestamp null, `updated_at` timestamp null) default character set utf8mb4 collate 'utf8mb4_unicode_ci') at C:/Users/ASUS/OneDrive/Documents/GitHub/Project/SMA-1-PAMEKASAN/Backend/vendor/laravel/framework/src/Illuminate/Database/Connection.php:838)
[stacktrace]
#0 C:/Users/ASUS/OneDrive/Documents/GitHub/Project/SMA-1-PAMEKASAN/Backend/vendor/laravel/framework/src/Illuminate/Database/Connection.php(794): Illuminate/Database/Connection->runQueryCallback('create table `p...', Array, Object(Closure))
#1 C:/Users/ASUS/OneDrive/Documents/GitHub/Project/SMA-1-PAMEKASAN/Backend/vendor/laravel/framework/src/Illuminate/Database/Connection.php(573): Illuminate/Database/Connection->run('create table `p...', Array, Object(Closure))
#2 C:/Users/ASUS/OneDrive/Documents/GitHub/Project/SMA-1-PAMEKASAN/Backend/vendor/laravel/framework/src/Illuminate/Database/Schema/Blueprint.php(121): Illuminate/Database/Connection->statement('create table `p...')
#3 C:/Users/ASUS/OneDrive/Documents/GitHub/Project/SMA-1-PAMEKASAN/Backend/vendor/laravel/framework/src/Illuminate/Database/Schema/Builder.php(686): Illuminate/Database/Schema/Blueprint->build()
#4 C:/Users/ASUS/OneDrive/Documents/GitHub/Project/SMA-1-PAMEKASAN/Backend/vendor/laravel/framework/src/Illuminate/Database/Schema/Builder.php(506): Illuminate/Database/Schema/Builder->build(Object(Illuminate/Database/Schema/Blueprint))
#5 C:/Users/ASUS/OneDrive/Documents/GitHub/Project/SMA-1-PAMEKASAN/Backend/vendor/laravel/framework/src/Illuminate/Support/Facades/Facade.php(363): Illuminate/Database/Schema/Builder->create('personal_access...', Object(Closure))
#6 C:/Users/ASUS/OneDrive/Documents/GitHub/Project/SMA-1-PAMEKASAN/Backend/database/migrations/2026_03_13_170916_create_personal_access_tokens_table.php(14): Illuminate/Support/Facades/Facade::__callStatic('create', Array)
#7 C:/Users/ASUS/OneDrive/Documents/GitHub/Project/SMA-1-PAMEKASAN/Backend/vendor/laravel/framework/src/Illuminate/Database/Migrations/Migrator.php(517): Illuminate/Database/Migrations/Migration@anonymous->up()
#8 C:/Users/ASUS/OneDrive/Documents/GitHub/Project/SMA-1-PAMEKASAN/Backend/vendor/laravel/framework/src/Illuminate/Database/Migrations/Migrator.php(442): Illuminate/Database/Migrations/Migrator->runMethod(Object(Illuminate/Database/MySqlConnection), Object(Illuminate/Database/Migrations/Migration@anonymous), 'up')
#9 C:/Users/ASUS/OneDrive/Documents/GitHub/Project/SMA-1-PAMEKASAN/Backend/vendor/laravel/framework/src/Illuminate/Database/Migrations/Migrator.php(451): Illuminate/Database/Migrations/Migrator->{closure:Illuminate/Database/Migrations/Migrator::runMigration():438}()
#10 C:/Users/ASUS/OneDrive/Documents/GitHub/Project/SMA-1-PAMEKASAN/Backend/vendor/laravel/framework/src/Illuminate/Database/Migrations/Migrator.php(253): Illuminate/Database/Migrations/Migrator->runMigration(Object(Illuminate/Database/Migrations/Migration@anonymous), 'up')
#11 C:/Users/ASUS/OneDrive/Documents/GitHub/Project/SMA-1-PAMEKASAN/Backend/vendor/laravel/framework/src/Illuminate/Console/View/Components/Task.php(41): Illuminate/Database/Migrations/Migrator->{closure:Illuminate/Database/Migrations/Migrator::runUp():253}()
#12 C:/Users/ASUS/OneDrive/Documents/GitHub/Project/SMA-1-PAMEKASAN/Backend/vendor/laravel/framework/src/Illuminate/Database/Migrations/Migrator.php(814): Illuminate/Console/View/Components/Task->render('2026_03_13_1709...', Object(Closure))
#13 C:/Users/ASUS/OneDrive/Documents/GitHub/Project/SMA-1-PAMEKASAN/Backend/vendor/laravel/framework/src/Illuminate/Database/Migrations/Migrator.php(253): Illuminate/Database/Migrations/Migrator->write('Illuminate//Cons...', '2026_03_13_1709...', Object(Closure))
#14 C:/Users/ASUS/OneDrive/Documents/GitHub/Project/SMA-1-PAMEKASAN/Backend/vendor/laravel/framework/src/Illuminate/Database/Migrations/Migrator.php(211): Illuminate/Database/Migrations/Migrator->runUp('C://Users//ASUS//O...', 1, false)
#15 C:/Users/ASUS/OneDrive/Documents/GitHub/Project/SMA-1-PAMEKASAN/Backend/vendor/laravel/framework/src/Illuminate/Database/Migrations/Migrator.php(138): Illuminate/Database/Migrations/Migrator->runPending(Array, Array)
#16 C:/Users/ASUS/OneDrive/Documents/GitHub/Project/SMA-1-PAMEKASAN/Backend/vendor/laravel/framework/src/Illuminate/Database/Console/Migrations/MigrateCommand.php(116): Illuminate/Database/Migrations/Migrator->run(Array, Array)
#17 C:/Users/ASUS/OneDrive/Documents/GitHub/Project/SMA-1-PAMEKASAN/Backend/vendor/laravel/framework/src/Illuminate/Database/Migrations/Migrator.php(671): Illuminate/Database/Console/Migrations/MigrateCommand->{closure:Illuminate/Database/Console/Migrations/MigrateCommand::runMigrations():109}()
#18 C:/Users/ASUS/OneDrive/Documents/GitHub/Project/SMA-1-PAMEKASAN/Backend/vendor/laravel/framework/src/Illuminate/Database/Console/Migrations/MigrateCommand.php(109): Illuminate/Database/Migrations/Migrator->usingConnection(NULL, Object(Closure))
#19 C:/Users/ASUS/OneDrive/Documents/GitHub/Project/SMA-1-PAMEKASAN/Backend/vendor/laravel/framework/src/Illuminate/Database/Console/Migrations/MigrateCommand.php(88): Illuminate/Database/Console/Migrations/MigrateCommand->runMigrations()
#20 C:/Users/ASUS/OneDrive/Documents/GitHub/Project/SMA-1-PAMEKASAN/Backend/vendor/laravel/framework/src/Illuminate/Container/BoundMethod.php(36): Illuminate/Database/Console/Migrations/MigrateCommand->handle()
#21 C:/Users/ASUS/OneDrive/Documents/GitHub/Project/SMA-1-PAMEKASAN/Backend/vendor/laravel/framework/src/Illuminate/Container/Util.php(43): Illuminate/Container/BoundMethod::{closure:Illuminate/Container/BoundMethod::call():35}()
#22 C:/Users/ASUS/OneDrive/Documents/GitHub/Project/SMA-1-PAMEKASAN/Backend/vendor/laravel/framework/src/Illuminate/Container/BoundMethod.php(96): Illuminate/Container/Util::unwrapIfClosure(Object(Closure))
#23 C:/Users/ASUS/OneDrive/Documents/GitHub/Project/SMA-1-PAMEKASAN/Backend/vendor/laravel/framework/src/Illuminate/Container/BoundMethod.php(35): Illuminate/Container/BoundMethod::callBoundMethod(Object(Illuminate/Foundation/Application), Array, Object(Closure))
#24 C:/Users/ASUS/OneDrive/Documents/GitHub/Project/SMA-1-PAMEKASAN/Backend/vendor/laravel/framework/src/Illuminate/Container/Container.php(799): Illuminate/Container/BoundMethod::call(Object(Illuminate/Foundation/Application), Array, Array, NULL)
#25 C:/Users/ASUS/OneDrive/Documents/GitHub/Project/SMA-1-PAMEKASAN/Backend/vendor/laravel/framework/src/Illuminate/Console/Command.php(211): Illuminate/Container/Container->call(Array)
#26 C:/Users/ASUS/OneDrive/Documents/GitHub/Project/SMA-1-PAMEKASAN/Backend/vendor/symfony/console/Command/Command.php(341): Illuminate/Console/Command->execute(Object(Symfony/Component/Console/Input/ArrayInput), Object(Illuminate/Console/OutputStyle))
#27 C:/Users/ASUS/OneDrive/Documents/GitHub/Project/SMA-1-PAMEKASAN/Backend/vendor/laravel/framework/src/Illuminate/Console/Command.php(180): Symfony/Component/Console/Command/Command->run(Object(Symfony/Component/Console/Input/ArrayInput), Object(Illuminate/Console/OutputStyle))
#28 C:/Users/ASUS/OneDrive/Documents/GitHub/Project/SMA-1-PAMEKASAN/Backend/vendor/laravel/framework/src/Illuminate/Console/Concerns/CallsCommands.php(68): Illuminate/Console/Command->run(Object(Symfony/Component/Console/Input/ArrayInput), Object(Illuminate/Console/OutputStyle))
#29 C:/Users/ASUS/OneDrive/Documents/GitHub/Project/SMA-1-PAMEKASAN/Backend/vendor/laravel/framework/src/Illuminate/Console/Concerns/CallsCommands.php(29): Illuminate/Console/Command->runCommand('migrate', Array, Object(Illuminate/Console/OutputStyle))
#30 C:/Users/ASUS/OneDrive/Documents/GitHub/Project/SMA-1-PAMEKASAN/Backend/vendor/laravel/framework/src/Illuminate/Database/Console/Migrations/FreshCommand.php(88): Illuminate/Console/Command->call('migrate', Array)
#31 C:/Users/ASUS/OneDrive/Documents/GitHub/Project/SMA-1-PAMEKASAN/Backend/vendor/laravel/framework/src/Illuminate/Container/BoundMethod.php(36): Illuminate/Database/Console/Migrations/FreshCommand->handle()
#32 C:/Users/ASUS/OneDrive/Documents/GitHub/Project/SMA-1-PAMEKASAN/Backend/vendor/laravel/framework/src/Illuminate/Container/Util.php(43): Illuminate/Container/BoundMethod::{closure:Illuminate/Container/BoundMethod::call():35}()
#33 C:/Users/ASUS/OneDrive/Documents/GitHub/Project/SMA-1-PAMEKASAN/Backend/vendor/laravel/framework/src/Illuminate/Container/BoundMethod.php(96): Illuminate/Container/Util::unwrapIfClosure(Object(Closure))
#34 C:/Users/ASUS/OneDrive/Documents/GitHub/Project/SMA-1-PAMEKASAN/Backend/vendor/laravel/framework/src/Illuminate/Container/BoundMethod.php(35): Illuminate/Container/BoundMethod::callBoundMethod(Object(Illuminate/Foundation/Application), Array, Object(Closure))
#35 C:/Users/ASUS/OneDrive/Documents/GitHub/Project/SMA-1-PAMEKASAN/Backend/vendor/laravel/framework/src/Illuminate/Container/Container.php(799): Illuminate/Container/BoundMethod::call(Object(Illuminate/Foundation/Application), Array, Array, NULL)
#36 C:/Users/ASUS/OneDrive/Documents/GitHub/Project/SMA-1-PAMEKASAN/Backend/vendor/laravel/framework/src/Illuminate/Console/Command.php(211): Illuminate/Container/Container->call(Array)
#37 C:/Users/ASUS/OneDrive/Documents/GitHub/Project/SMA-1-PAMEKASAN/Backend/vendor/symfony/console/Command/Command.php(341): Illuminate/Console/Command->execute(Object(Symfony/Component/Console/Input/ArgvInput), Object(Illuminate/Console/OutputStyle))
#38 C:/Users/ASUS/OneDrive/Documents/GitHub/Project/SMA-1-PAMEKASAN/Backend/vendor/laravel/framework/src/Illuminate/Console/Command.php(180): Symfony/Component/Console/Command/Command->run(Object(Symfony/Component/Console/Input/ArgvInput), Object(Illuminate/Console/OutputStyle))
#39 C:/Users/ASUS/OneDrive/Documents/GitHub/Project/SMA-1-PAMEKASAN/Backend/vendor/symfony/console/Application.php(1117): Illuminate/Console/Command->run(Object(Symfony/Component/Console/Input/ArgvInput), Object(Symfony/Component/Console/Output/ConsoleOutput))
#40 C:/Users/ASUS/OneDrive/Documents/GitHub/Project/SMA-1-PAMEKASAN/Backend/vendor/symfony/console/Application.php(356): Symfony/Component/Console/Application->doRunCommand(Object(Illuminate/Database/Console/Migrations/FreshCommand), Object(Symfony/Component/Console/Input/ArgvInput), Object(Symfony/Component/Console/Output/ConsoleOutput))
#41 C:/Users/ASUS/OneDrive/Documents/GitHub/Project/SMA-1-PAMEKASAN/Backend/vendor/symfony/console/Application.php(195): Symfony/Component/Console/Application->doRun(Object(Symfony/Component/Console/Input/ArgvInput), Object(Symfony/Component/Console/Output/ConsoleOutput))
#42 C:/Users/ASUS/OneDrive/Documents/GitHub/Project/SMA-1-PAMEKASAN/Backend/vendor/laravel/framework/src/Illuminate/Foundation/Console/Kernel.php(198): Symfony/Component/Console/Application->run(Object(Symfony/Component/Console/Input/ArgvInput), Object(Symfony/Component/Console/Output/ConsoleOutput))
#43 C:/Users/ASUS/OneDrive/Documents/GitHub/Project/SMA-1-PAMEKASAN/Backend/vendor/laravel/framework/src/Illuminate/Foundation/Application.php(1235): Illuminate/Foundation/Console/Kernel->handle(Object(Symfony/Component/Console/Input/ArgvInput), Object(Symfony/Component/Console/Output/ConsoleOutput))
#44 C:/Users/ASUS/OneDrive/Documents/GitHub/Project/SMA-1-PAMEKASAN/Backend/artisan(16): Illuminate/Foundation/Application->handleCommand(Object(Symfony/Component/Console/Input/ArgvInput))
#45 {main}

[previous exception] [object] (PDOException(code: 42S01): SQLSTATE[42S01]: Base table or view already exists: 1050 Table 'personal_access_tokens' already exists at C:/Users/ASUS/OneDrive/Documents/GitHub/Project/SMA-1-PAMEKASAN/Backend/vendor/laravel/framework/src/Illuminate/Database/Connection.php:584)
[stacktrace]
#0 C:/Users/ASUS/OneDrive/Documents/GitHub/Project/SMA-1-PAMEKASAN/Backend/vendor/laravel/framework/src/Illuminate/Database/Connection.php(584): PDOStatement->execute()
#1 C:/Users/ASUS/OneDrive/Documents/GitHub/Project/SMA-1-PAMEKASAN/Backend/vendor/laravel/framework/src/Illuminate/Database/Connection.php(827): Illuminate/Database/Connection->{closure:Illuminate/Database/Connection::statement():573}('create table `p...', Array)
#2 C:/Users/ASUS/OneDrive/Documents/GitHub/Project/SMA-1-PAMEKASAN/Backend/vendor/laravel/framework/src/Illuminate/Database/Connection.php(794): Illuminate/Database/Connection->runQueryCallback('create table `p...', Array, Object(Closure))
#3 C:/Users/ASUS/OneDrive/Documents/GitHub/Project/SMA-1-PAMEKASAN/Backend/vendor/laravel/framework/src/Illuminate/Database/Connection.php(573): Illuminate/Database/Connection->run('create table `p...', Array, Object(Closure))
#4 C:/Users/ASUS/OneDrive/Documents/GitHub/Project/SMA-1-PAMEKASAN/Backend/vendor/laravel/framework/src/Illuminate/Database/Schema/Blueprint.php(121): Illuminate/Database/Connection->statement('create table `p...')
#5 C:/Users/ASUS/OneDrive/Documents/GitHub/Project/SMA-1-PAMEKASAN/Backend/vendor/laravel/framework/src/Illuminate/Database/Schema/Builder.php(686): Illuminate/Database/Schema/Blueprint->build()
#6 C:/Users/ASUS/OneDrive/Documents/GitHub/Project/SMA-1-PAMEKASAN/Backend/vendor/laravel/framework/src/Illuminate/Database/Schema/Builder.php(506): Illuminate/Database/Schema/Builder->build(Object(Illuminate/Database/Schema/Blueprint))
#7 C:/Users/ASUS/OneDrive/Documents/GitHub/Project/SMA-1-PAMEKASAN/Backend/vendor/laravel/framework/src/Illuminate/Support/Facades/Facade.php(363): Illuminate/Database/Schema/Builder->create('personal_access...', Object(Closure))
#8 C:/Users/ASUS/OneDrive/Documents/GitHub/Project/SMA-1-PAMEKASAN/Backend/database/migrations/2026_03_13_170916_create_personal_access_tokens_table.php(14): Illuminate/Support/Facades/Facade::__callStatic('create', Array)
#9 C:/Users/ASUS/OneDrive/Documents/GitHub/Project/SMA-1-PAMEKASAN/Backend/vendor/laravel/framework/src/Illuminate/Database/Migrations/Migrator.php(517): Illuminate/Database/Migrations/Migration@anonymous->up()
#10 C:/Users/ASUS/OneDrive/Documents/GitHub/Project/SMA-1-PAMEKASAN/Backend/vendor/laravel/framework/src/Illuminate/Database/Migrations/Migrator.php(442): Illuminate/Database/Migrations/Migrator->runMethod(Object(Illuminate/Database/MySqlConnection), Object(Illuminate/Database/Migrations/Migration@anonymous), 'up')
#11 C:/Users/ASUS/OneDrive/Documents/GitHub/Project/SMA-1-PAMEKASAN/Backend/vendor/laravel/framework/src/Illuminate/Database/Migrations/Migrator.php(451): Illuminate/Database/Migrations/Migrator->{closure:Illuminate/Database/Migrations/Migrator::runMigration():438}()
#12 C:/Users/ASUS/OneDrive/Documents/GitHub/Project/SMA-1-PAMEKASAN/Backend/vendor/laravel/framework/src/Illuminate/Database/Migrations/Migrator.php(253): Illuminate/Database/Migrations/Migrator->runMigration(Object(Illuminate/Database/Migrations/Migration@anonymous), 'up')
#13 C:/Users/ASUS/OneDrive/Documents/GitHub/Project/SMA-1-PAMEKASAN/Backend/vendor/laravel/framework/src/Illuminate/Console/View/Components/Task.php(41): Illuminate/Database/Migrations/Migrator->{closure:Illuminate/Database/Migrations/Migrator::runUp():253}()
#14 C:/Users/ASUS/OneDrive/Documents/GitHub/Project/SMA-1-PAMEKASAN/Backend/vendor/laravel/framework/src/Illuminate/Database/Migrations/Migrator.php(814): Illuminate/Console/View/Components/Task->render('2026_03_13_1709...', Object(Closure))
#15 C:/Users/ASUS/OneDrive/Documents/GitHub/Project/SMA-1-PAMEKASAN/Backend/vendor/laravel/framework/src/Illuminate/Database/Migrations/Migrator.php(253): Illuminate/Database/Migrations/Migrator->write('Illuminate//Cons...', '2026_03_13_1709...', Object(Closure))
#16 C:/Users/ASUS/OneDrive/Documents/GitHub/Project/SMA-1-PAMEKASAN/Backend/vendor/laravel/framework/src/Illuminate/Database/Migrations/Migrator.php(211): Illuminate/Database/Migrations/Migrator->runUp('C://Users//ASUS//O...', 1, false)
#17 C:/Users/ASUS/OneDrive/Documents/GitHub/Project/SMA-1-PAMEKASAN/Backend/vendor/laravel/framework/src/Illuminate/Database/Migrations/Migrator.php(138): Illuminate/Database/Migrations/Migrator->runPending(Array, Array)
#18 C:/Users/ASUS/OneDrive/Documents/GitHub/Project/SMA-1-PAMEKASAN/Backend/vendor/laravel/framework/src/Illuminate/Database/Console/Migrations/MigrateCommand.php(116): Illuminate/Database/Migrations/Migrator->run(Array, Array)
#19 C:/Users/ASUS/OneDrive/Documents/GitHub/Project/SMA-1-PAMEKASAN/Backend/vendor/laravel/framework/src/Illuminate/Database/Migrations/Migrator.php(671): Illuminate/Database/Console/Migrations/MigrateCommand->{closure:Illuminate/Database/Console/Migrations/MigrateCommand::runMigrations():109}()
#20 C:/Users/ASUS/OneDrive/Documents/GitHub/Project/SMA-1-PAMEKASAN/Backend/vendor/laravel/framework/src/Illuminate/Database/Console/Migrations/MigrateCommand.php(109): Illuminate/Database/Migrations/Migrator->usingConnection(NULL, Object(Closure))
#21 C:/Users/ASUS/OneDrive/Documents/GitHub/Project/SMA-1-PAMEKASAN/Backend/vendor/laravel/framework/src/Illuminate/Database/Console/Migrations/MigrateCommand.php(88): Illuminate/Database/Console/Migrations/MigrateCommand->runMigrations()
#22 C:/Users/ASUS/OneDrive/Documents/GitHub/Project/SMA-1-PAMEKASAN/Backend/vendor/laravel/framework/src/Illuminate/Container/BoundMethod.php(36): Illuminate/Database/Console/Migrations/MigrateCommand->handle()
#23 C:/Users/ASUS/OneDrive/Documents/GitHub/Project/SMA-1-PAMEKASAN/Backend/vendor/laravel/framework/src/Illuminate/Container/Util.php(43): Illuminate/Container/BoundMethod::{closure:Illuminate/Container/BoundMethod::call():35}()
#24 C:/Users/ASUS/OneDrive/Documents/GitHub/Project/SMA-1-PAMEKASAN/Backend/vendor/laravel/framework/src/Illuminate/Container/BoundMethod.php(96): Illuminate/Container/Util::unwrapIfClosure(Object(Closure))
#25 C:/Users/ASUS/OneDrive/Documents/GitHub/Project/SMA-1-PAMEKASAN/Backend/vendor/laravel/framework/src/Illuminate/Container/BoundMethod.php(35): Illuminate/Container/BoundMethod::callBoundMethod(Object(Illuminate/Foundation/Application), Array, Object(Closure))
#26 C:/Users/ASUS/OneDrive/Documents/GitHub/Project/SMA-1-PAMEKASAN/Backend/vendor/laravel/framework/src/Illuminate/Container/Container.php(799): Illuminate/Container/BoundMethod::call(Object(Illuminate/Foundation/Application), Array, Array, NULL)
#27 C:/Users/ASUS/OneDrive/Documents/GitHub/Project/SMA-1-PAMEKASAN/Backend/vendor/laravel/framework/src/Illuminate/Console/Command.php(211): Illuminate/Container/Container->call(Array)
#28 C:/Users/ASUS/OneDrive/Documents/GitHub/Project/SMA-1-PAMEKASAN/Backend/vendor/symfony/console/Command/Command.php(341): Illuminate/Console/Command->execute(Object(Symfony/Component/Console/Input/ArrayInput), Object(Illuminate/Console/OutputStyle))
#29 C:/Users/ASUS/OneDrive/Documents/GitHub/Project/SMA-1-PAMEKASAN/Backend/vendor/laravel/framework/src/Illuminate/Console/Command.php(180): Symfony/Component/Console/Command/Command->run(Object(Symfony/Component/Console/Input/ArrayInput), Object(Illuminate/Console/OutputStyle))
#30 C:/Users/ASUS/OneDrive/Documents/GitHub/Project/SMA-1-PAMEKASAN/Backend/vendor/laravel/framework/src/Illuminate/Console/Concerns/CallsCommands.php(68): Illuminate/Console/Command->run(Object(Symfony/Component/Console/Input/ArrayInput), Object(Illuminate/Console/OutputStyle))
#31 C:/Users/ASUS/OneDrive/Documents/GitHub/Project/SMA-1-PAMEKASAN/Backend/vendor/laravel/framework/src/Illuminate/Console/Concerns/CallsCommands.php(29): Illuminate/Console/Command->runCommand('migrate', Array, Object(Illuminate/Console/OutputStyle))
#32 C:/Users/ASUS/OneDrive/Documents/GitHub/Project/SMA-1-PAMEKASAN/Backend/vendor/laravel/framework/src/Illuminate/Database/Console/Migrations/FreshCommand.php(88): Illuminate/Console/Command->call('migrate', Array)
#33 C:/Users/ASUS/OneDrive/Documents/GitHub/Project/SMA-1-PAMEKASAN/Backend/vendor/laravel/framework/src/Illuminate/Container/BoundMethod.php(36): Illuminate/Database/Console/Migrations/FreshCommand->handle()
#34 C:/Users/ASUS/OneDrive/Documents/GitHub/Project/SMA-1-PAMEKASAN/Backend/vendor/laravel/framework/src/Illuminate/Container/Util.php(43): Illuminate/Container/BoundMethod::{closure:Illuminate/Container/BoundMethod::call():35}()
#35 C:/Users/ASUS/OneDrive/Documents/GitHub/Project/SMA-1-PAMEKASAN/Backend/vendor/laravel/framework/src/Illuminate/Container/BoundMethod.php(96): Illuminate/Container/Util::unwrapIfClosure(Object(Closure))
#36 C:/Users/ASUS/OneDrive/Documents/GitHub/Project/SMA-1-PAMEKASAN/Backend/vendor/laravel/framework/src/Illuminate/Container/BoundMethod.php(35): Illuminate/Container/BoundMethod::callBoundMethod(Object(Illuminate/Foundation/Application), Array, Object(Closure))
#37 C:/Users/ASUS/OneDrive/Documents/GitHub/Project/SMA-1-PAMEKASAN/Backend/vendor/laravel/framework/src/Illuminate/Container/Container.php(799): Illuminate/Container/BoundMethod::call(Object(Illuminate/Foundation/Application), Array, Array, NULL)
#38 C:/Users/ASUS/OneDrive/Documents/GitHub/Project/SMA-1-PAMEKASAN/Backend/vendor/laravel/framework/src/Illuminate/Console/Command.php(211): Illuminate/Container/Container->call(Array)
#39 C:/Users/ASUS/OneDrive/Documents/GitHub/Project/SMA-1-PAMEKASAN/Backend/vendor/symfony/console/Command/Command.php(341): Illuminate/Console/Command->execute(Object(Symfony/Component/Console/Input/ArgvInput), Object(Illuminate/Console/OutputStyle))
#40 C:/Users/ASUS/OneDrive/Documents/GitHub/Project/SMA-1-PAMEKASAN/Backend/vendor/laravel/framework/src/Illuminate/Console/Command.php(180): Symfony/Component/Console/Command/Command->run(Object(Symfony/Component/Console/Input/ArgvInput), Object(Illuminate/Console/OutputStyle))
#41 C:/Users/ASUS/OneDrive/Documents/GitHub/Project/SMA-1-PAMEKASAN/Backend/vendor/symfony/console/Application.php(1117): Illuminate/Console/Command->run(Object(Symfony/Component/Console/Input/ArgvInput), Object(Symfony/Component/Console/Output/ConsoleOutput))
#42 C:/Users/ASUS/OneDrive/Documents/GitHub/Project/SMA-1-PAMEKASAN/Backend/vendor/symfony/console/Application.php(356): Symfony/Component/Console/Application->doRunCommand(Object(Illuminate/Database/Console/Migrations/FreshCommand), Object(Symfony/Component/Console/Input/ArgvInput), Object(Symfony/Component/Console/Output/ConsoleOutput))
#43 C:/Users/ASUS/OneDrive/Documents/GitHub/Project/SMA-1-PAMEKASAN/Backend/vendor/symfony/console/Application.php(195): Symfony/Component/Console/Application->doRun(Object(Symfony/Component/Console/Input/ArgvInput), Object(Symfony/Component/Console/Output/ConsoleOutput))
#44 C:/Users/ASUS/OneDrive/Documents/GitHub/Project/SMA-1-PAMEKASAN/Backend/vendor/laravel/framework/src/Illuminate/Foundation/Console/Kernel.php(198): Symfony/Component/Console/Application->run(Object(Symfony/Component/Console/Input/ArgvInput), Object(Symfony/Component/Console/Output/ConsoleOutput))
#45 C:/Users/ASUS/OneDrive/Documents/GitHub/Project/SMA-1-PAMEKASAN/Backend/vendor/laravel/framework/src/Illuminate/Foundation/Application.php(1235): Illuminate/Foundation/Console/Kernel->handle(Object(Symfony/Component/Console/Input/ArgvInput), Object(Symfony/Component/Console/Output/ConsoleOutput))
#46 C:/Users/ASUS/OneDrive/Documents/GitHub/Project/SMA-1-PAMEKASAN/Backend/artisan(16): Illuminate/Foundation/Application->handleCommand(Object(Symfony/Component/Console/Input/ArgvInput))
#47 {main}
"} 
